ItineraryID,UserID,TripName,CreationDate,StartDate,EndDate,Duration,TotalBudget,DestinationCount,IsPublic
1,520,Trip 1,2026-03-16,2026-07-28,2026-05-23,9,151101,3,True
2,758,Trip 2,2025-12-13,2026-05-21,2026-07-01,7,107198,1,True
3,661,Trip 3,2025-09-30,2026-07-01,2026-07-22,10,455148,1,True
4,849,Trip 4,2025-11-10,2026-07-31,2026-06-01,13,306817,3,True
5,437,Trip 5,2025-09-25,2026-05-18,2026-06-03,4,85059,3,False
6,544,Trip 6,2025-08-27,2026-08-09,2026-07-09,2,84075,2,False
7,834,Trip 7,2026-04-11,2026-06-22,2026-06-21,8,291955,3,False
8,651,Trip 8,2026-02-15,2026-07-17,2026-05-26,7,100375,3,True
9,997,Trip 9,2026-02-09,2026-07-14,2026-06-07,3,298339,1,True
10,183,Trip 10,2026-02-12,2026-07-01,2026-05-26,6,189322,4,True
11,464,Trip 11,2026-01-29,2026-07-14,2026-06-06,9,442445,2,True
12,274,Trip 12,2026-04-06,2026-06-26,2026-05-30,12,284099,1,False
13,159,Trip 13,2026-02-18,2026-06-14,2026-05-19,9,76710,4,True
14,744,Trip 14,2025-06-04,2026-06-16,2026-06-10,7,489431,4,True
15,229,Trip 15,2026-02-10,2026-06-09,2026-07-30,13,60687,3,False
16,268,Trip 16,2025-11-07,2026-06-18,2026-05-20,10,90225,3,True
17,280,Trip 17,2025-08-23,2026-06-13,2026-06-08,2,338967,2,True
18,559,Trip 18,2025-07-14,2026-06-18,2026-07-03,6,437606,2,True
19,154,Trip 19,2026-03-30,2026-05-17,2026-07-07,9,92634,2,False
20,341,Trip 20,2025-09-14,2026-05-14,2026-06-20,2,62410,3,False
21,890,Trip 21,2025-06-19,2026-06-13,2026-07-23,8,462966,4,True
22,421,Trip 22,2026-04-06,2026-07-11,2026-08-05,11,250579,3,False
23,252,Trip 23,2025-08-25,2026-07-17,2026-06-09,3,410474,4,True
24,307,Trip 24,2025-12-25,2026-05-30,2026-05-20,2,59933,4,False
25,372,Trip 25,2026-04-01,2026-06-13,2026-07-06,5,282723,1,True
26,732,Trip 26,2025-06-23,2026-07-13,2026-07-13,12,129951,3,False
27,150,Trip 27,2026-02-07,2026-06-21,2026-08-01,8,82691,4,True
28,781,Trip 28,2025-07-17,2026-06-23,2026-06-14,6,298562,4,False
29,664,Trip 29,2025-07-17,2026-07-06,2026-08-04,6,300736,2,False
30,955,Trip 30,2025-11-21,2026-06-02,2026-08-02,6,278757,2,True
31,490,Trip 31,2026-05-08,2026-07-14,2026-07-14,3,137533,2,True
32,601,Trip 32,2026-03-22,2026-07-16,2026-06-24,2,320082,2,True
33,226,Trip 33,2025-08-15,2026-07-04,2026-07-27,7,295979,4,False
34,681,Trip 34,2025-07-27,2026-05-18,2026-06-21,4,187958,3,False
35,319,Trip 35,2026-03-08,2026-05-20,2026-05-31,12,397983,1,True
36,963,Trip 36,2025-08-20,2026-05-19,2026-07-29,13,474912,1,False
37,253,Trip 37,2026-02-23,2026-06-27,2026-06-17,4,436009,2,False
38,451,Trip 38,2026-01-07,2026-07-12,2026-07-24,5,239244,2,False
39,817,Trip 39,2025-11-20,2026-07-19,2026-07-10,2,158906,3,True
40,934,Trip 40,2026-04-18,2026-05-28,2026-08-09,5,146875,4,False
41,14,Trip 41,2025-07-17,2026-08-03,2026-07-02,13,87455,4,False
42,193,Trip 42,2025-08-18,2026-06-06,2026-07-15,5,122778,2,False
43,665,Trip 43,2026-04-09,2026-05-25,2026-06-23,13,430134,4,False
44,613,Trip 44,2025-07-22,2026-07-28,2026-06-28,9,348074,3,True
45,752,Trip 45,2025-08-28,2026-08-02,2026-06-27,7,278479,2,False
46,250,Trip 46,2025-10-16,2026-07-01,2026-07-05,6,410904,1,False
47,411,Trip 47,2025-06-20,2026-05-23,2026-05-30,11,292130,4,True
48,360,Trip 48,2026-01-05,2026-05-20,2026-06-28,10,284891,3,True
49,627,Trip 49,2026-03-16,2026-06-06,2026-06-30,7,113535,2,True
50,644,Trip 50,2025-07-17,2026-07-10,2026-06-18,8,235165,4,False
51,764,Trip 51,2025-11-11,2026-06-14,2026-05-31,12,142814,1,False
52,829,Trip 52,2025-07-13,2026-05-27,2026-07-18,2,146682,2,False
53,80,Trip 53,2025-09-15,2026-07-10,2026-05-31,12,326204,2,False
54,247,Trip 54,2025-07-30,2026-07-24,2026-05-27,2,229936,2,True
55,723,Trip 55,2025-09-24,2026-05-20,2026-07-06,10,61683,3,False
56,599,Trip 56,2025-07-20,2026-06-30,2026-08-06,2,423933,4,False
57,698,Trip 57,2025-09-08,2026-07-29,2026-05-23,13,224933,1,True
58,941,Trip 58,2025-11-18,2026-06-18,2026-07-30,5,53532,4,False
59,211,Trip 59,2026-05-05,2026-05-19,2026-06-28,11,317600,2,False
60,407,Trip 60,2025-07-27,2026-08-04,2026-07-27,7,57386,2,True
61,431,Trip 61,2025-08-15,2026-05-17,2026-06-02,9,230882,1,True
62,102,Trip 62,2025-06-08,2026-05-26,2026-05-26,7,326772,3,False
63,779,Trip 63,2026-04-12,2026-06-24,2026-08-01,3,258803,3,True
64,991,Trip 64,2026-03-06,2026-07-06,2026-07-23,7,462534,4,False
65,79,Trip 65,2025-12-09,2026-07-20,2026-06-24,4,455350,4,True
66,131,Trip 66,2025-10-14,2026-06-13,2026-06-14,7,176681,3,True
67,55,Trip 67,2025-08-02,2026-05-17,2026-06-26,9,159877,4,True
68,650,Trip 68,2026-04-25,2026-07-28,2026-06-28,10,105881,1,False
69,481,Trip 69,2025-12-30,2026-07-31,2026-05-20,6,448369,3,True
70,499,Trip 70,2026-01-01,2026-06-25,2026-07-31,3,322880,2,False
71,488,Trip 71,2025-08-28,2026-06-17,2026-07-25,13,399846,3,True
72,168,Trip 72,2025-11-19,2026-06-27,2026-08-04,12,151163,3,True
73,973,Trip 73,2025-06-03,2026-07-09,2026-05-23,10,459209,4,False
74,546,Trip 74,2026-02-26,2026-07-04,2026-06-08,10,483239,3,False
75,232,Trip 75,2025-07-01,2026-05-22,2026-07-13,10,261468,3,True
76,348,Trip 76,2026-01-02,2026-07-24,2026-06-10,9,466223,3,False
77,278,Trip 77,2025-06-02,2026-06-01,2026-08-05,7,56371,2,True
78,823,Trip 78,2025-11-29,2026-05-15,2026-06-04,6,203079,2,False
79,716,Trip 79,2025-10-27,2026-06-12,2026-07-08,2,337983,2,True
80,568,Trip 80,2025-11-06,2026-05-23,2026-05-22,12,376406,1,False
81,283,Trip 81,2025-10-25,2026-07-11,2026-06-18,10,138366,4,False
82,996,Trip 82,2025-10-18,2026-06-08,2026-06-07,10,465663,2,False
83,695,Trip 83,2025-12-21,2026-06-28,2026-06-12,8,333674,1,True
84,844,Trip 84,2025-12-19,2026-07-26,2026-07-14,11,319432,1,False
85,803,Trip 85,2025-11-29,2026-05-20,2026-06-18,8,274673,3,True
86,32,Trip 86,2025-07-20,2026-07-06,2026-05-23,5,326625,1,True
87,65,Trip 87,2025-06-13,2026-06-21,2026-07-08,6,58048,3,True
88,700,Trip 88,2025-05-31,2026-06-27,2026-06-11,12,197863,1,False
89,353,Trip 89,2026-01-31,2026-06-24,2026-06-17,9,431189,2,False
90,945,Trip 90,2025-09-11,2026-07-18,2026-05-23,3,356438,1,True
91,793,Trip 91,2025-07-03,2026-08-05,2026-06-16,10,222076,3,True
92,493,Trip 92,2025-10-25,2026-07-24,2026-07-28,9,76863,4,False
93,289,Trip 93,2025-11-04,2026-07-22,2026-06-02,8,162613,1,True
94,570,Trip 94,2025-05-18,2026-05-13,2026-08-04,2,233517,3,True
95,614,Trip 95,2025-05-13,2026-07-23,2026-06-15,8,485796,3,False
96,736,Trip 96,2025-07-05,2026-07-11,2026-06-12,3,297881,4,True
97,20,Trip 97,2025-05-31,2026-07-19,2026-05-29,2,246948,3,True
98,166,Trip 98,2025-10-24,2026-06-18,2026-06-15,8,254278,4,True
99,836,Trip 99,2025-08-21,2026-05-16,2026-07-21,9,146123,3,True
100,528,Trip 100,2025-12-04,2026-06-25,2026-06-22,12,120459,3,False
101,279,Trip 101,2026-03-25,2026-07-02,2026-05-24,13,419841,2,True
102,108,Trip 102,2025-05-21,2026-06-19,2026-08-02,8,234721,1,False
103,859,Trip 103,2025-12-24,2026-06-22,2026-06-27,6,496395,2,True
104,672,Trip 104,2025-07-13,2026-07-22,2026-07-28,9,311272,3,False
105,210,Trip 105,2025-08-22,2026-08-08,2026-08-05,13,190909,3,False
106,185,Trip 106,2026-01-06,2026-07-08,2026-07-21,13,149354,2,True
107,660,Trip 107,2025-06-30,2026-07-09,2026-07-13,6,115123,1,True
108,492,Trip 108,2025-07-26,2026-05-29,2026-07-27,4,325834,2,False
109,386,Trip 109,2025-10-11,2026-05-16,2026-06-14,12,329116,3,True
110,120,Trip 110,2025-10-29,2026-07-17,2026-06-19,12,313509,1,True
111,906,Trip 111,2026-04-23,2026-06-02,2026-06-02,13,461217,3,True
112,153,Trip 112,2026-03-21,2026-07-03,2026-08-02,11,249570,1,True
113,821,Trip 113,2026-03-20,2026-07-19,2026-06-20,9,239608,1,True
114,785,Trip 114,2026-04-28,2026-07-14,2026-05-31,12,269547,2,True
115,15,Trip 115,2025-10-26,2026-06-14,2026-05-23,6,140585,1,True
116,517,Trip 116,2026-01-14,2026-07-31,2026-07-12,9,456485,2,False
117,537,Trip 117,2025-08-02,2026-06-17,2026-07-11,8,303043,4,True
118,795,Trip 118,2025-10-05,2026-07-17,2026-05-25,7,436678,2,True
119,369,Trip 119,2026-02-15,2026-06-14,2026-05-25,6,163868,4,True
120,871,Trip 120,2025-06-20,2026-06-07,2026-06-01,9,375849,3,True
121,122,Trip 121,2025-11-11,2026-06-17,2026-07-20,2,173476,1,True
122,1,Trip 122,2025-11-21,2026-05-21,2026-06-22,8,195024,2,True
123,881,Trip 123,2026-03-31,2026-06-09,2026-06-16,10,455732,1,False
124,12,Trip 124,2026-03-25,2026-07-09,2026-07-30,10,198610,1,False
125,654,Trip 125,2025-10-01,2026-06-15,2026-07-24,13,57943,3,False
126,338,Trip 126,2025-06-28,2026-08-02,2026-06-10,11,52479,1,False
127,322,Trip 127,2026-01-09,2026-06-02,2026-08-02,11,253676,2,True
128,701,Trip 128,2025-05-22,2026-05-23,2026-06-17,12,176201,4,True
129,238,Trip 129,2026-04-05,2026-06-05,2026-07-20,3,454781,1,False
130,837,Trip 130,2025-11-03,2026-05-19,2026-07-21,9,452101,3,True
131,206,Trip 131,2025-07-09,2026-06-12,2026-06-19,8,207400,4,False
132,641,Trip 132,2025-11-13,2026-05-29,2026-05-20,11,67762,1,False
133,635,Trip 133,2025-09-16,2026-07-03,2026-06-20,13,401374,1,False
134,902,Trip 134,2025-09-23,2026-06-25,2026-06-06,12,257796,4,True
135,344,Trip 135,2025-07-30,2026-06-25,2026-06-17,5,250349,2,True
136,822,Trip 136,2026-03-11,2026-05-28,2026-06-20,12,90765,3,True
137,457,Trip 137,2025-09-26,2026-05-22,2026-07-07,13,283543,2,True
138,116,Trip 138,2026-02-19,2026-05-23,2026-05-24,11,274876,2,True
139,240,Trip 139,2026-01-14,2026-05-22,2026-06-03,13,204534,2,True
140,169,Trip 140,2025-12-26,2026-05-15,2026-07-17,8,198028,4,True
141,352,Trip 141,2025-05-20,2026-05-25,2026-05-28,4,186677,2,True
142,754,Trip 142,2026-03-31,2026-07-17,2026-05-31,2,65009,3,False
143,851,Trip 143,2026-01-21,2026-07-20,2026-07-03,10,96642,2,True
144,586,Trip 144,2026-02-04,2026-06-08,2026-06-27,7,197511,1,True
145,778,Trip 145,2025-12-18,2026-07-12,2026-05-20,2,216449,4,False
146,925,Trip 146,2026-04-23,2026-06-27,2026-06-12,11,108527,2,False
147,715,Trip 147,2025-08-30,2026-05-24,2026-07-29,9,242023,1,True
148,658,Trip 148,2026-03-28,2026-08-09,2026-05-24,8,284573,3,True
149,394,Trip 149,2025-06-03,2026-05-28,2026-06-05,7,447422,3,False
150,766,Trip 150,2026-02-26,2026-06-15,2026-07-27,4,205117,1,False
151,132,Trip 151,2025-10-06,2026-07-14,2026-08-01,10,415677,1,False
152,616,Trip 152,2026-05-06,2026-06-29,2026-05-27,12,482982,3,False
153,538,Trip 153,2025-07-16,2026-07-23,2026-07-11,6,438894,1,True
154,904,Trip 154,2025-12-25,2026-07-19,2026-06-21,12,346770,4,True
155,266,Trip 155,2025-08-24,2026-06-12,2026-07-09,9,450807,1,True
156,749,Trip 156,2026-05-11,2026-07-09,2026-05-28,6,414475,1,False
157,563,Trip 157,2025-10-25,2026-05-13,2026-07-11,7,139399,2,True
158,138,Trip 158,2025-08-27,2026-06-09,2026-05-21,13,388447,1,True
159,691,Trip 159,2025-08-02,2026-05-19,2026-05-25,8,207922,3,True
160,914,Trip 160,2025-06-15,2026-08-09,2026-06-18,12,255495,4,False
161,125,Trip 161,2026-04-30,2026-06-05,2026-07-24,3,353350,3,True
162,164,Trip 162,2026-04-13,2026-06-30,2026-06-28,5,215233,4,False
163,465,Trip 163,2025-09-29,2026-06-30,2026-05-27,4,278934,1,False
164,897,Trip 164,2025-07-07,2026-08-06,2026-06-08,9,451634,3,False
165,136,Trip 165,2025-06-30,2026-05-20,2026-07-03,13,474924,2,True
166,783,Trip 166,2025-06-04,2026-06-07,2026-06-22,5,80373,1,False
167,646,Trip 167,2025-08-22,2026-05-29,2026-07-31,7,459853,2,False
168,94,Trip 168,2025-12-17,2026-07-21,2026-08-06,5,193477,1,False
169,983,Trip 169,2025-05-20,2026-06-21,2026-05-25,6,453189,2,False
170,595,Trip 170,2026-03-08,2026-07-31,2026-07-07,2,417005,4,False
171,56,Trip 171,2026-05-12,2026-06-20,2026-06-01,2,323775,2,False
172,813,Trip 172,2026-02-03,2026-06-12,2026-06-25,12,327884,3,False
173,445,Trip 173,2025-08-05,2026-07-29,2026-06-15,10,383082,1,False
174,882,Trip 174,2025-06-28,2026-07-06,2026-06-15,3,281437,4,True
175,567,Trip 175,2025-06-05,2026-06-07,2026-07-26,13,325109,1,False
176,841,Trip 176,2025-12-18,2026-07-08,2026-08-02,8,80070,4,False
177,801,Trip 177,2025-10-28,2026-06-03,2026-06-13,12,292763,2,False
178,751,Trip 178,2026-01-09,2026-06-17,2026-05-23,8,103409,1,False
179,297,Trip 179,2025-05-26,2026-06-02,2026-07-25,4,219461,3,True
180,196,Trip 180,2026-02-18,2026-06-22,2026-07-30,9,206651,3,True
181,591,Trip 181,2026-04-26,2026-06-06,2026-07-19,10,103077,3,True
182,292,Trip 182,2025-11-18,2026-06-16,2026-06-22,8,144096,4,True
183,671,Trip 183,2026-03-21,2026-07-24,2026-07-10,2,429580,1,True
184,688,Trip 184,2025-12-04,2026-06-09,2026-07-08,9,390039,4,False
185,105,Trip 185,2026-02-15,2026-07-25,2026-06-10,4,323132,4,True
186,961,Trip 186,2026-02-05,2026-07-17,2026-07-01,6,457039,1,False
187,679,Trip 187,2025-08-13,2026-07-27,2026-07-07,13,267405,3,False
188,282,Trip 188,2025-08-09,2026-08-05,2026-07-21,6,489288,1,True
189,272,Trip 189,2025-10-22,2026-07-25,2026-08-06,8,399055,3,False
190,886,Trip 190,2026-04-17,2026-07-04,2026-07-21,8,95318,4,True
191,869,Trip 191,2025-07-29,2026-06-07,2026-08-02,10,315399,3,False
192,913,Trip 192,2026-05-11,2026-08-07,2026-07-02,12,220780,3,False
193,72,Trip 193,2026-03-25,2026-07-24,2026-06-17,4,451424,2,False
194,682,Trip 194,2026-02-21,2026-05-28,2026-07-07,9,189199,3,True
195,405,Trip 195,2025-07-30,2026-05-24,2026-06-18,11,344411,1,False
196,27,Trip 196,2025-07-13,2026-08-02,2026-08-07,8,474578,1,True
197,487,Trip 197,2025-06-22,2026-06-16,2026-07-06,12,173556,2,True
198,276,Trip 198,2025-08-05,2026-06-14,2026-07-17,2,387066,2,True
199,905,Trip 199,2026-01-16,2026-05-16,2026-07-21,13,272088,2,True
200,553,Trip 200,2025-06-02,2026-07-20,2026-06-09,9,201772,2,True
