DetailID,ItineraryID,DayNumber,DestinationID,ActivityID,AccommodationID,Notes,CostBreakdown
1,1,1,95,37,58,Day 1 itinerary details,29055
2,1,2,83,23,35,Day 2 itinerary details,8646
3,1,3,6,6,30,Day 3 itinerary details,34952
4,1,4,63,8,28,Day 4 itinerary details,37600
5,1,5,33,53,38,Day 5 itinerary details,48315
6,1,6,78,11,2,Day 6 itinerary details,46012
7,1,7,94,94,68,Day 7 itinerary details,13652
8,1,8,7,67,9,Day 8 itinerary details,25414
9,1,9,11,37,14,Day 9 itinerary details,32898
10,2,1,7,59,63,Day 1 itinerary details,35982
11,2,2,55,3,67,Day 2 itinerary details,44441
12,2,3,45,97,92,Day 3 itinerary details,14379
13,2,4,16,79,29,Day 4 itinerary details,32568
14,2,5,46,83,29,Day 5 itinerary details,20468
15,2,6,50,55,27,Day 6 itinerary details,12046
16,2,7,91,83,81,Day 7 itinerary details,45452
17,3,1,66,56,12,Day 1 itinerary details,46129
18,3,2,75,10,28,Day 2 itinerary details,35093
19,3,3,77,69,61,Day 3 itinerary details,7610
20,3,4,42,8,50,Day 4 itinerary details,40456
21,3,5,69,11,48,Day 5 itinerary details,36334
22,3,6,47,93,25,Day 6 itinerary details,11511
23,3,7,6,11,17,Day 7 itinerary details,24727
24,3,8,56,66,36,Day 8 itinerary details,24794
25,3,9,38,85,75,Day 9 itinerary details,40583
26,3,10,3,98,18,Day 10 itinerary details,6742
27,4,1,89,54,79,Day 1 itinerary details,19685
28,4,2,17,82,95,Day 2 itinerary details,13554
29,4,3,82,99,13,Day 3 itinerary details,26310
30,4,4,14,59,36,Day 4 itinerary details,8864
31,4,5,44,39,12,Day 5 itinerary details,12271
32,4,6,61,62,53,Day 6 itinerary details,36131
33,4,7,35,65,3,Day 7 itinerary details,6834
34,4,8,50,71,9,Day 8 itinerary details,7353
35,4,9,55,12,83,Day 9 itinerary details,16295
36,4,10,24,86,67,Day 10 itinerary details,27247
37,4,11,27,61,19,Day 11 itinerary details,27522
38,4,12,51,64,77,Day 12 itinerary details,28425
39,4,13,36,93,11,Day 13 itinerary details,41833
40,5,1,68,68,64,Day 1 itinerary details,22408
41,5,2,89,26,11,Day 2 itinerary details,40794
42,5,3,93,40,4,Day 3 itinerary details,43392
43,5,4,80,37,61,Day 4 itinerary details,21602
44,6,1,5,15,87,Day 1 itinerary details,28536
45,6,2,67,82,26,Day 2 itinerary details,22195
46,7,1,58,81,46,Day 1 itinerary details,42289
47,7,2,48,27,20,Day 2 itinerary details,41805
48,7,3,35,76,48,Day 3 itinerary details,17226
49,7,4,68,52,68,Day 4 itinerary details,14859
50,7,5,39,21,66,Day 5 itinerary details,18199
51,7,6,7,83,97,Day 6 itinerary details,46736
52,7,7,17,91,97,Day 7 itinerary details,15891
53,7,8,57,45,11,Day 8 itinerary details,35604
54,8,1,31,77,26,Day 1 itinerary details,28710
55,8,2,22,6,20,Day 2 itinerary details,45916
56,8,3,10,83,35,Day 3 itinerary details,33230
57,8,4,37,8,5,Day 4 itinerary details,14131
58,8,5,100,92,67,Day 5 itinerary details,10094
59,8,6,72,79,91,Day 6 itinerary details,12472
60,8,7,36,80,26,Day 7 itinerary details,32948
61,9,1,61,44,4,Day 1 itinerary details,28115
62,9,2,81,58,26,Day 2 itinerary details,7017
63,9,3,29,9,78,Day 3 itinerary details,28075
64,10,1,4,59,37,Day 1 itinerary details,45059
65,10,2,88,81,13,Day 2 itinerary details,6939
66,10,3,17,51,91,Day 3 itinerary details,20926
67,10,4,33,21,81,Day 4 itinerary details,44573
68,10,5,25,67,91,Day 5 itinerary details,16994
69,10,6,12,15,84,Day 6 itinerary details,16093
70,11,1,2,4,45,Day 1 itinerary details,29844
71,11,2,55,32,22,Day 2 itinerary details,44768
72,11,3,91,55,17,Day 3 itinerary details,43853
73,11,4,51,80,8,Day 4 itinerary details,7400
74,11,5,10,98,19,Day 5 itinerary details,28935
75,11,6,14,67,55,Day 6 itinerary details,45508
76,11,7,56,63,87,Day 7 itinerary details,34543
77,11,8,11,47,6,Day 8 itinerary details,32328
78,11,9,99,89,64,Day 9 itinerary details,12644
79,12,1,87,82,78,Day 1 itinerary details,19416
80,12,2,66,31,83,Day 2 itinerary details,15429
81,12,3,54,92,8,Day 3 itinerary details,41008
82,12,4,59,40,22,Day 4 itinerary details,48671
83,12,5,38,2,41,Day 5 itinerary details,23408
84,12,6,19,2,92,Day 6 itinerary details,48871
85,12,7,62,83,16,Day 7 itinerary details,33821
86,12,8,14,56,65,Day 8 itinerary details,14644
87,12,9,54,66,86,Day 9 itinerary details,16263
88,12,10,33,79,50,Day 10 itinerary details,39152
89,12,11,22,40,39,Day 11 itinerary details,5872
90,12,12,41,75,68,Day 12 itinerary details,22414
91,13,1,85,71,4,Day 1 itinerary details,44673
92,13,2,91,59,81,Day 2 itinerary details,8667
93,13,3,95,26,31,Day 3 itinerary details,9808
94,13,4,69,52,72,Day 4 itinerary details,14138
95,13,5,16,18,47,Day 5 itinerary details,32447
96,13,6,28,82,78,Day 6 itinerary details,42303
97,13,7,37,16,85,Day 7 itinerary details,14408
98,13,8,60,61,11,Day 8 itinerary details,17413
99,13,9,75,66,32,Day 9 itinerary details,13693
100,14,1,19,56,5,Day 1 itinerary details,21770
101,14,2,28,90,87,Day 2 itinerary details,10213
102,14,3,72,29,77,Day 3 itinerary details,14530
103,14,4,25,22,97,Day 4 itinerary details,9964
104,14,5,71,23,70,Day 5 itinerary details,5846
105,14,6,79,40,98,Day 6 itinerary details,19876
106,14,7,16,93,87,Day 7 itinerary details,41873
107,15,1,47,4,12,Day 1 itinerary details,33385
108,15,2,4,84,92,Day 2 itinerary details,32483
109,15,3,6,14,35,Day 3 itinerary details,35894
110,15,4,58,65,19,Day 4 itinerary details,24648
111,15,5,13,8,18,Day 5 itinerary details,22058
112,15,6,87,26,38,Day 6 itinerary details,39941
113,15,7,57,25,30,Day 7 itinerary details,44889
114,15,8,7,27,11,Day 8 itinerary details,12690
115,15,9,88,30,94,Day 9 itinerary details,33787
116,15,10,15,56,35,Day 10 itinerary details,42639
117,15,11,43,42,84,Day 11 itinerary details,29744
118,15,12,47,26,52,Day 12 itinerary details,44054
119,15,13,36,63,93,Day 13 itinerary details,14934
120,16,1,91,49,55,Day 1 itinerary details,9024
121,16,2,29,19,95,Day 2 itinerary details,7120
122,16,3,10,10,97,Day 3 itinerary details,23904
123,16,4,57,54,56,Day 4 itinerary details,19659
124,16,5,69,87,55,Day 5 itinerary details,40012
125,16,6,72,81,1,Day 6 itinerary details,26621
126,16,7,12,35,78,Day 7 itinerary details,45431
127,16,8,82,74,79,Day 8 itinerary details,27761
128,16,9,33,83,98,Day 9 itinerary details,9367
129,16,10,8,35,85,Day 10 itinerary details,47706
130,17,1,46,11,61,Day 1 itinerary details,16051
131,17,2,11,11,22,Day 2 itinerary details,36313
132,18,1,62,48,94,Day 1 itinerary details,33222
133,18,2,51,45,33,Day 2 itinerary details,7260
134,18,3,60,2,13,Day 3 itinerary details,21833
135,18,4,57,43,45,Day 4 itinerary details,15518
136,18,5,86,29,97,Day 5 itinerary details,20902
137,18,6,78,74,18,Day 6 itinerary details,20370
138,19,1,47,3,2,Day 1 itinerary details,33231
139,19,2,31,8,43,Day 2 itinerary details,22839
140,19,3,2,22,5,Day 3 itinerary details,38299
141,19,4,92,77,2,Day 4 itinerary details,28583
142,19,5,90,3,41,Day 5 itinerary details,47281
143,19,6,77,85,45,Day 6 itinerary details,16718
144,19,7,17,92,47,Day 7 itinerary details,48997
145,19,8,69,24,71,Day 8 itinerary details,31490
146,19,9,34,50,42,Day 9 itinerary details,21410
147,20,1,78,59,19,Day 1 itinerary details,44407
148,20,2,76,3,71,Day 2 itinerary details,16391
149,21,1,99,25,15,Day 1 itinerary details,24282
150,21,2,60,83,23,Day 2 itinerary details,6722
151,21,3,85,34,7,Day 3 itinerary details,5683
152,21,4,91,64,23,Day 4 itinerary details,31469
153,21,5,58,20,27,Day 5 itinerary details,10492
154,21,6,60,8,67,Day 6 itinerary details,10909
155,21,7,70,36,24,Day 7 itinerary details,12819
156,21,8,81,22,83,Day 8 itinerary details,15056
157,22,1,76,96,95,Day 1 itinerary details,13894
158,22,2,30,19,26,Day 2 itinerary details,47969
159,22,3,11,20,56,Day 3 itinerary details,26443
160,22,4,47,76,89,Day 4 itinerary details,6783
161,22,5,58,10,22,Day 5 itinerary details,11982
162,22,6,24,66,96,Day 6 itinerary details,20316
163,22,7,61,7,72,Day 7 itinerary details,33402
164,22,8,38,21,8,Day 8 itinerary details,7936
165,22,9,89,28,92,Day 9 itinerary details,11709
166,22,10,31,89,41,Day 10 itinerary details,29188
167,22,11,38,51,76,Day 11 itinerary details,37286
168,23,1,62,18,90,Day 1 itinerary details,20365
169,23,2,9,11,95,Day 2 itinerary details,47861
170,23,3,2,29,51,Day 3 itinerary details,35185
171,24,1,69,23,7,Day 1 itinerary details,35519
172,24,2,77,62,74,Day 2 itinerary details,44395
173,25,1,80,15,53,Day 1 itinerary details,40754
174,25,2,83,85,35,Day 2 itinerary details,26198
175,25,3,14,93,69,Day 3 itinerary details,21560
176,25,4,18,51,1,Day 4 itinerary details,43938
177,25,5,64,60,91,Day 5 itinerary details,30236
178,26,1,14,20,92,Day 1 itinerary details,46866
179,26,2,66,84,24,Day 2 itinerary details,41726
180,26,3,89,37,86,Day 3 itinerary details,36614
181,26,4,24,15,12,Day 4 itinerary details,26997
182,26,5,95,64,31,Day 5 itinerary details,28476
183,26,6,94,84,72,Day 6 itinerary details,39077
184,26,7,35,21,63,Day 7 itinerary details,15233
185,26,8,92,17,12,Day 8 itinerary details,22139
186,26,9,18,92,60,Day 9 itinerary details,39626
187,26,10,15,16,22,Day 10 itinerary details,22013
188,26,11,95,63,31,Day 11 itinerary details,42120
189,26,12,75,6,87,Day 12 itinerary details,14096
190,27,1,52,80,62,Day 1 itinerary details,15809
191,27,2,19,13,32,Day 2 itinerary details,41963
192,27,3,9,49,37,Day 3 itinerary details,34470
193,27,4,31,59,55,Day 4 itinerary details,15898
194,27,5,63,2,45,Day 5 itinerary details,38375
195,27,6,43,98,1,Day 6 itinerary details,26716
196,27,7,61,3,91,Day 7 itinerary details,16051
197,27,8,7,33,9,Day 8 itinerary details,47807
198,28,1,90,84,31,Day 1 itinerary details,24399
199,28,2,63,87,50,Day 2 itinerary details,21110
200,28,3,1,82,19,Day 3 itinerary details,33530
201,28,4,64,53,6,Day 4 itinerary details,49560
202,28,5,46,72,73,Day 5 itinerary details,39148
203,28,6,55,91,6,Day 6 itinerary details,49741
204,29,1,68,86,40,Day 1 itinerary details,42722
205,29,2,66,9,11,Day 2 itinerary details,8475
206,29,3,43,58,78,Day 3 itinerary details,13601
207,29,4,38,94,36,Day 4 itinerary details,22984
208,29,5,64,58,58,Day 5 itinerary details,47257
209,29,6,23,96,29,Day 6 itinerary details,49182
210,30,1,36,70,81,Day 1 itinerary details,48473
211,30,2,95,6,34,Day 2 itinerary details,13747
212,30,3,44,27,52,Day 3 itinerary details,17201
213,30,4,25,74,39,Day 4 itinerary details,22574
214,30,5,12,11,3,Day 5 itinerary details,29831
215,30,6,22,4,8,Day 6 itinerary details,34907
216,31,1,88,14,92,Day 1 itinerary details,27031
217,31,2,32,64,76,Day 2 itinerary details,6042
218,31,3,69,12,93,Day 3 itinerary details,18060
219,32,1,42,17,72,Day 1 itinerary details,37615
220,32,2,94,10,84,Day 2 itinerary details,21911
221,33,1,16,42,3,Day 1 itinerary details,21278
222,33,2,86,28,45,Day 2 itinerary details,5483
223,33,3,68,24,19,Day 3 itinerary details,18386
224,33,4,40,46,40,Day 4 itinerary details,23157
225,33,5,18,12,14,Day 5 itinerary details,34678
226,33,6,82,61,12,Day 6 itinerary details,31727
227,33,7,27,6,88,Day 7 itinerary details,6394
228,34,1,33,80,50,Day 1 itinerary details,24467
229,34,2,95,57,53,Day 2 itinerary details,39572
230,34,3,72,3,64,Day 3 itinerary details,24449
231,34,4,84,58,4,Day 4 itinerary details,6259
232,35,1,45,66,36,Day 1 itinerary details,48798
233,35,2,19,40,72,Day 2 itinerary details,40215
234,35,3,58,18,36,Day 3 itinerary details,36360
235,35,4,1,64,62,Day 4 itinerary details,8949
236,35,5,36,75,18,Day 5 itinerary details,28823
237,35,6,17,24,98,Day 6 itinerary details,19787
238,35,7,99,79,2,Day 7 itinerary details,18303
239,35,8,95,73,10,Day 8 itinerary details,11068
240,35,9,89,51,69,Day 9 itinerary details,27797
241,35,10,66,82,93,Day 10 itinerary details,20092
242,35,11,84,64,72,Day 11 itinerary details,49388
243,35,12,49,90,62,Day 12 itinerary details,12856
244,36,1,68,33,22,Day 1 itinerary details,39373
245,36,2,33,28,88,Day 2 itinerary details,10379
246,36,3,66,77,49,Day 3 itinerary details,9991
247,36,4,11,35,39,Day 4 itinerary details,36113
248,36,5,74,72,69,Day 5 itinerary details,23043
249,36,6,32,16,68,Day 6 itinerary details,19133
250,36,7,28,60,78,Day 7 itinerary details,38355
251,36,8,60,85,80,Day 8 itinerary details,19197
252,36,9,44,2,23,Day 9 itinerary details,19839
253,36,10,93,46,73,Day 10 itinerary details,46525
254,36,11,71,93,81,Day 11 itinerary details,32144
255,36,12,70,44,84,Day 12 itinerary details,45777
256,36,13,73,12,97,Day 13 itinerary details,20777
257,37,1,83,33,64,Day 1 itinerary details,36023
258,37,2,16,50,23,Day 2 itinerary details,24481
259,37,3,54,44,37,Day 3 itinerary details,8336
260,37,4,94,13,60,Day 4 itinerary details,42481
261,38,1,80,2,95,Day 1 itinerary details,13507
262,38,2,57,43,19,Day 2 itinerary details,43011
263,38,3,11,78,47,Day 3 itinerary details,19040
264,38,4,63,7,79,Day 4 itinerary details,41189
265,38,5,31,88,55,Day 5 itinerary details,39968
266,39,1,72,30,36,Day 1 itinerary details,14009
267,39,2,14,29,27,Day 2 itinerary details,41724
268,40,1,50,36,34,Day 1 itinerary details,49837
269,40,2,75,97,79,Day 2 itinerary details,18489
270,40,3,37,75,19,Day 3 itinerary details,7677
271,40,4,1,81,40,Day 4 itinerary details,48318
272,40,5,80,26,43,Day 5 itinerary details,11458
273,41,1,51,15,8,Day 1 itinerary details,33253
274,41,2,14,97,7,Day 2 itinerary details,33433
275,41,3,12,2,50,Day 3 itinerary details,9444
276,41,4,21,7,91,Day 4 itinerary details,17811
277,41,5,84,57,78,Day 5 itinerary details,15472
278,41,6,23,30,58,Day 6 itinerary details,8678
279,41,7,52,56,10,Day 7 itinerary details,34035
280,41,8,87,59,44,Day 8 itinerary details,26756
281,41,9,59,96,84,Day 9 itinerary details,49547
282,41,10,97,65,13,Day 10 itinerary details,45957
283,41,11,67,12,93,Day 11 itinerary details,31044
284,41,12,95,41,36,Day 12 itinerary details,5789
285,41,13,22,41,95,Day 13 itinerary details,41979
286,42,1,14,93,35,Day 1 itinerary details,47417
287,42,2,9,96,59,Day 2 itinerary details,43711
288,42,3,91,10,25,Day 3 itinerary details,9080
289,42,4,45,97,11,Day 4 itinerary details,42476
290,42,5,9,7,71,Day 5 itinerary details,35625
291,43,1,83,20,89,Day 1 itinerary details,15607
292,43,2,93,55,91,Day 2 itinerary details,14816
293,43,3,15,48,4,Day 3 itinerary details,35541
294,43,4,81,21,80,Day 4 itinerary details,26465
295,43,5,9,66,79,Day 5 itinerary details,10335
296,43,6,51,78,37,Day 6 itinerary details,48781
297,43,7,82,86,82,Day 7 itinerary details,36538
298,43,8,66,96,17,Day 8 itinerary details,9616
299,43,9,13,58,30,Day 9 itinerary details,7590
300,43,10,23,63,28,Day 10 itinerary details,47042
301,43,11,10,89,90,Day 11 itinerary details,44705
302,43,12,77,17,40,Day 12 itinerary details,13515
303,43,13,23,35,75,Day 13 itinerary details,18771
304,44,1,9,79,45,Day 1 itinerary details,22828
305,44,2,69,19,75,Day 2 itinerary details,25936
306,44,3,99,27,13,Day 3 itinerary details,23952
307,44,4,92,77,84,Day 4 itinerary details,42708
308,44,5,27,90,63,Day 5 itinerary details,18276
309,44,6,29,22,73,Day 6 itinerary details,21471
310,44,7,19,38,95,Day 7 itinerary details,12420
311,44,8,39,15,54,Day 8 itinerary details,31527
312,44,9,46,61,93,Day 9 itinerary details,8832
313,45,1,52,34,73,Day 1 itinerary details,48042
314,45,2,70,37,78,Day 2 itinerary details,16068
315,45,3,49,9,19,Day 3 itinerary details,41822
316,45,4,28,80,26,Day 4 itinerary details,15535
317,45,5,25,99,69,Day 5 itinerary details,35022
318,45,6,23,89,65,Day 6 itinerary details,9852
319,45,7,68,58,28,Day 7 itinerary details,8183
320,46,1,78,97,68,Day 1 itinerary details,23793
321,46,2,75,96,4,Day 2 itinerary details,18440
322,46,3,26,33,81,Day 3 itinerary details,10161
323,46,4,69,71,64,Day 4 itinerary details,43369
324,46,5,4,12,58,Day 5 itinerary details,11238
325,46,6,11,59,36,Day 6 itinerary details,7924
326,47,1,22,65,50,Day 1 itinerary details,13963
327,47,2,100,72,89,Day 2 itinerary details,46139
328,47,3,100,43,46,Day 3 itinerary details,36747
329,47,4,13,38,45,Day 4 itinerary details,31178
330,47,5,55,96,39,Day 5 itinerary details,13000
331,47,6,75,2,69,Day 6 itinerary details,47871
332,47,7,86,62,46,Day 7 itinerary details,8532
333,47,8,87,31,99,Day 8 itinerary details,25197
334,47,9,35,45,77,Day 9 itinerary details,25166
335,47,10,69,29,72,Day 10 itinerary details,20111
336,47,11,54,7,83,Day 11 itinerary details,38891
337,48,1,32,62,45,Day 1 itinerary details,40011
338,48,2,30,39,5,Day 2 itinerary details,49482
339,48,3,22,28,22,Day 3 itinerary details,28423
340,48,4,86,98,29,Day 4 itinerary details,6706
341,48,5,42,60,77,Day 5 itinerary details,21838
342,48,6,74,92,68,Day 6 itinerary details,20546
343,48,7,96,86,84,Day 7 itinerary details,6391
344,48,8,84,6,73,Day 8 itinerary details,37667
345,48,9,77,31,39,Day 9 itinerary details,43193
346,48,10,78,86,37,Day 10 itinerary details,40573
347,49,1,88,72,15,Day 1 itinerary details,29626
348,49,2,70,23,25,Day 2 itinerary details,43829
349,49,3,93,23,10,Day 3 itinerary details,25336
350,49,4,77,32,51,Day 4 itinerary details,43892
351,49,5,41,65,65,Day 5 itinerary details,34028
352,49,6,40,18,36,Day 6 itinerary details,35261
353,49,7,63,1,52,Day 7 itinerary details,16704
354,50,1,9,86,92,Day 1 itinerary details,23009
355,50,2,74,56,47,Day 2 itinerary details,34825
356,50,3,54,37,56,Day 3 itinerary details,23334
357,50,4,97,96,12,Day 4 itinerary details,20289
358,50,5,67,26,78,Day 5 itinerary details,25107
359,50,6,90,16,53,Day 6 itinerary details,35043
360,50,7,7,15,36,Day 7 itinerary details,26575
361,50,8,74,15,62,Day 8 itinerary details,23477
362,51,1,61,43,44,Day 1 itinerary details,23530
363,51,2,66,55,86,Day 2 itinerary details,41580
364,51,3,39,5,57,Day 3 itinerary details,36855
365,51,4,15,91,16,Day 4 itinerary details,13163
366,51,5,82,99,25,Day 5 itinerary details,17446
367,51,6,34,87,16,Day 6 itinerary details,16717
368,51,7,59,15,82,Day 7 itinerary details,40212
369,51,8,24,13,65,Day 8 itinerary details,40375
370,51,9,97,43,6,Day 9 itinerary details,14168
371,51,10,68,14,30,Day 10 itinerary details,41051
372,51,11,8,54,66,Day 11 itinerary details,33644
373,51,12,4,74,84,Day 12 itinerary details,23807
374,52,1,53,99,74,Day 1 itinerary details,20579
375,52,2,15,1,22,Day 2 itinerary details,31842
376,53,1,93,15,74,Day 1 itinerary details,41819
377,53,2,22,50,48,Day 2 itinerary details,30204
378,53,3,73,51,96,Day 3 itinerary details,31384
379,53,4,83,91,51,Day 4 itinerary details,20841
380,53,5,49,59,10,Day 5 itinerary details,28294
381,53,6,30,85,21,Day 6 itinerary details,22909
382,53,7,34,73,98,Day 7 itinerary details,34105
383,53,8,76,47,85,Day 8 itinerary details,24589
384,53,9,50,63,12,Day 9 itinerary details,32048
385,53,10,31,2,16,Day 10 itinerary details,9607
386,53,11,1,4,47,Day 11 itinerary details,46971
387,53,12,65,52,47,Day 12 itinerary details,11242
388,54,1,77,50,45,Day 1 itinerary details,44379
389,54,2,56,71,57,Day 2 itinerary details,42275
390,55,1,44,56,44,Day 1 itinerary details,16533
391,55,2,68,29,79,Day 2 itinerary details,31366
392,55,3,17,83,9,Day 3 itinerary details,30114
393,55,4,49,79,37,Day 4 itinerary details,41763
394,55,5,50,55,4,Day 5 itinerary details,46684
395,55,6,98,19,37,Day 6 itinerary details,23819
396,55,7,37,51,32,Day 7 itinerary details,20788
397,55,8,12,41,56,Day 8 itinerary details,25559
398,55,9,14,54,63,Day 9 itinerary details,18376
399,55,10,58,96,21,Day 10 itinerary details,6283
400,56,1,73,46,86,Day 1 itinerary details,42131
401,56,2,30,94,96,Day 2 itinerary details,15851
402,57,1,71,81,65,Day 1 itinerary details,12534
403,57,2,44,26,91,Day 2 itinerary details,5876
404,57,3,16,7,32,Day 3 itinerary details,6630
405,57,4,16,78,89,Day 4 itinerary details,8901
406,57,5,30,71,12,Day 5 itinerary details,21450
407,57,6,91,46,83,Day 6 itinerary details,7090
408,57,7,55,45,60,Day 7 itinerary details,36567
409,57,8,32,8,77,Day 8 itinerary details,19141
410,57,9,75,20,18,Day 9 itinerary details,9101
411,57,10,84,96,29,Day 10 itinerary details,49803
412,57,11,71,43,84,Day 11 itinerary details,20009
413,57,12,100,71,33,Day 12 itinerary details,37910
414,57,13,96,86,40,Day 13 itinerary details,15076
415,58,1,89,5,78,Day 1 itinerary details,40249
416,58,2,99,66,89,Day 2 itinerary details,24509
417,58,3,80,46,80,Day 3 itinerary details,12050
418,58,4,49,99,23,Day 4 itinerary details,41918
419,58,5,5,64,35,Day 5 itinerary details,12004
420,59,1,69,54,3,Day 1 itinerary details,6797
421,59,2,87,56,2,Day 2 itinerary details,44773
422,59,3,38,56,5,Day 3 itinerary details,30280
423,59,4,10,41,44,Day 4 itinerary details,9953
424,59,5,33,91,56,Day 5 itinerary details,44819
425,59,6,2,1,65,Day 6 itinerary details,22276
426,59,7,33,86,76,Day 7 itinerary details,21486
427,59,8,36,21,84,Day 8 itinerary details,26529
428,59,9,47,95,1,Day 9 itinerary details,35117
429,59,10,14,90,46,Day 10 itinerary details,10417
430,59,11,7,55,56,Day 11 itinerary details,18302
431,60,1,76,63,24,Day 1 itinerary details,45274
432,60,2,73,99,4,Day 2 itinerary details,34164
433,60,3,42,96,70,Day 3 itinerary details,38563
434,60,4,92,40,51,Day 4 itinerary details,11044
435,60,5,42,69,5,Day 5 itinerary details,26604
436,60,6,41,61,55,Day 6 itinerary details,18096
437,60,7,9,29,78,Day 7 itinerary details,25389
438,61,1,62,54,52,Day 1 itinerary details,26629
439,61,2,34,37,49,Day 2 itinerary details,47793
440,61,3,14,82,33,Day 3 itinerary details,14333
441,61,4,98,92,87,Day 4 itinerary details,9329
442,61,5,17,75,32,Day 5 itinerary details,36076
443,61,6,79,68,39,Day 6 itinerary details,18833
444,61,7,87,24,58,Day 7 itinerary details,40780
445,61,8,64,19,8,Day 8 itinerary details,42159
446,61,9,13,27,82,Day 9 itinerary details,31199
447,62,1,2,16,14,Day 1 itinerary details,49159
448,62,2,17,60,70,Day 2 itinerary details,30104
449,62,3,45,38,64,Day 3 itinerary details,17152
450,62,4,6,60,49,Day 4 itinerary details,32924
451,62,5,99,23,76,Day 5 itinerary details,21056
452,62,6,64,29,27,Day 6 itinerary details,43277
453,62,7,21,71,41,Day 7 itinerary details,12631
454,63,1,5,15,21,Day 1 itinerary details,40641
455,63,2,4,69,7,Day 2 itinerary details,15274
456,63,3,36,15,92,Day 3 itinerary details,8959
457,64,1,57,5,71,Day 1 itinerary details,31965
458,64,2,95,32,72,Day 2 itinerary details,48945
459,64,3,75,65,40,Day 3 itinerary details,22131
460,64,4,38,42,37,Day 4 itinerary details,27246
461,64,5,55,89,54,Day 5 itinerary details,5533
462,64,6,27,47,38,Day 6 itinerary details,11694
463,64,7,15,66,61,Day 7 itinerary details,35087
464,65,1,44,43,6,Day 1 itinerary details,6235
465,65,2,27,45,23,Day 2 itinerary details,36983
466,65,3,81,13,68,Day 3 itinerary details,15047
467,65,4,25,86,52,Day 4 itinerary details,27063
468,66,1,61,17,40,Day 1 itinerary details,26322
469,66,2,89,69,85,Day 2 itinerary details,49239
470,66,3,56,40,85,Day 3 itinerary details,45943
471,66,4,96,68,8,Day 4 itinerary details,34768
472,66,5,45,17,41,Day 5 itinerary details,11476
473,66,6,9,70,91,Day 6 itinerary details,47084
474,66,7,24,73,11,Day 7 itinerary details,29610
475,67,1,29,8,17,Day 1 itinerary details,34067
476,67,2,79,93,50,Day 2 itinerary details,43513
477,67,3,24,37,78,Day 3 itinerary details,33923
478,67,4,11,99,81,Day 4 itinerary details,23970
479,67,5,67,60,2,Day 5 itinerary details,46539
480,67,6,18,20,85,Day 6 itinerary details,37574
481,67,7,78,72,2,Day 7 itinerary details,28513
482,67,8,83,42,28,Day 8 itinerary details,41508
483,67,9,69,28,60,Day 9 itinerary details,17904
484,68,1,90,5,15,Day 1 itinerary details,40912
485,68,2,32,52,90,Day 2 itinerary details,46614
486,68,3,41,4,53,Day 3 itinerary details,44907
487,68,4,84,27,21,Day 4 itinerary details,11203
488,68,5,86,64,71,Day 5 itinerary details,41782
489,68,6,54,31,17,Day 6 itinerary details,8505
490,68,7,7,83,28,Day 7 itinerary details,38033
491,68,8,27,13,66,Day 8 itinerary details,26459
492,68,9,60,43,69,Day 9 itinerary details,24774
493,68,10,70,99,65,Day 10 itinerary details,25930
494,69,1,54,36,71,Day 1 itinerary details,10724
495,69,2,15,75,18,Day 2 itinerary details,7027
496,69,3,4,88,11,Day 3 itinerary details,46849
497,69,4,51,58,60,Day 4 itinerary details,12185
498,69,5,79,67,17,Day 5 itinerary details,27049
499,69,6,30,19,9,Day 6 itinerary details,40751
500,70,1,44,95,59,Day 1 itinerary details,49378
501,70,2,25,71,53,Day 2 itinerary details,37070
502,70,3,84,53,49,Day 3 itinerary details,24171
503,71,1,19,66,34,Day 1 itinerary details,27736
504,71,2,88,73,54,Day 2 itinerary details,43656
505,71,3,92,55,15,Day 3 itinerary details,34652
506,71,4,15,23,66,Day 4 itinerary details,37995
507,71,5,9,66,66,Day 5 itinerary details,28184
508,71,6,72,98,34,Day 6 itinerary details,33612
509,71,7,64,44,29,Day 7 itinerary details,46999
510,71,8,78,52,2,Day 8 itinerary details,16324
511,71,9,4,52,41,Day 9 itinerary details,15872
512,71,10,51,98,95,Day 10 itinerary details,10807
513,71,11,11,8,12,Day 11 itinerary details,27234
514,71,12,72,47,21,Day 12 itinerary details,27568
515,71,13,75,22,21,Day 13 itinerary details,39715
516,72,1,67,71,14,Day 1 itinerary details,41424
517,72,2,52,43,71,Day 2 itinerary details,7842
518,72,3,18,13,1,Day 3 itinerary details,27757
519,72,4,85,34,13,Day 4 itinerary details,41716
520,72,5,51,87,1,Day 5 itinerary details,25856
521,72,6,28,32,72,Day 6 itinerary details,22590
522,72,7,26,14,88,Day 7 itinerary details,42615
523,72,8,93,68,63,Day 8 itinerary details,16857
524,72,9,14,27,41,Day 9 itinerary details,5002
525,72,10,94,59,23,Day 10 itinerary details,19353
526,72,11,74,76,41,Day 11 itinerary details,35367
527,72,12,81,41,45,Day 12 itinerary details,31468
528,73,1,9,90,48,Day 1 itinerary details,11258
529,73,2,24,87,95,Day 2 itinerary details,42606
530,73,3,44,58,66,Day 3 itinerary details,29177
531,73,4,18,80,29,Day 4 itinerary details,18635
532,73,5,98,39,73,Day 5 itinerary details,41327
533,73,6,41,71,81,Day 6 itinerary details,40705
534,73,7,87,75,22,Day 7 itinerary details,26775
535,73,8,68,62,36,Day 8 itinerary details,48285
536,73,9,11,85,80,Day 9 itinerary details,9521
537,73,10,55,73,35,Day 10 itinerary details,35753
538,74,1,73,77,70,Day 1 itinerary details,8459
539,74,2,46,92,11,Day 2 itinerary details,42345
540,74,3,61,35,69,Day 3 itinerary details,44398
541,74,4,11,12,43,Day 4 itinerary details,18388
542,74,5,68,78,59,Day 5 itinerary details,24201
543,74,6,8,22,77,Day 6 itinerary details,10588
544,74,7,92,97,29,Day 7 itinerary details,14316
545,74,8,86,90,75,Day 8 itinerary details,24786
546,74,9,98,83,37,Day 9 itinerary details,44757
547,74,10,29,83,37,Day 10 itinerary details,8860
548,75,1,88,90,12,Day 1 itinerary details,18743
549,75,2,83,47,94,Day 2 itinerary details,30530
550,75,3,73,13,80,Day 3 itinerary details,6650
551,75,4,78,72,19,Day 4 itinerary details,38783
552,75,5,32,99,87,Day 5 itinerary details,11292
553,75,6,82,14,80,Day 6 itinerary details,48543
554,75,7,49,32,75,Day 7 itinerary details,34036
555,75,8,11,60,68,Day 8 itinerary details,14305
556,75,9,5,36,97,Day 9 itinerary details,28245
557,75,10,32,71,74,Day 10 itinerary details,7497
558,76,1,10,99,21,Day 1 itinerary details,13487
559,76,2,42,72,46,Day 2 itinerary details,11517
560,76,3,41,94,4,Day 3 itinerary details,46012
561,76,4,84,29,23,Day 4 itinerary details,9590
562,76,5,85,31,96,Day 5 itinerary details,36976
563,76,6,71,77,61,Day 6 itinerary details,38430
564,76,7,8,76,16,Day 7 itinerary details,38436
565,76,8,93,6,37,Day 8 itinerary details,5160
566,76,9,95,46,61,Day 9 itinerary details,21401
567,77,1,95,16,51,Day 1 itinerary details,48277
568,77,2,68,30,60,Day 2 itinerary details,12069
569,77,3,64,14,23,Day 3 itinerary details,9527
570,77,4,28,7,42,Day 4 itinerary details,44433
571,77,5,68,44,13,Day 5 itinerary details,34396
572,77,6,33,92,87,Day 6 itinerary details,32807
573,77,7,48,5,61,Day 7 itinerary details,20993
574,78,1,90,90,3,Day 1 itinerary details,44028
575,78,2,98,34,84,Day 2 itinerary details,43877
576,78,3,42,20,41,Day 3 itinerary details,18669
577,78,4,20,6,57,Day 4 itinerary details,38193
578,78,5,25,41,41,Day 5 itinerary details,38282
579,78,6,43,46,57,Day 6 itinerary details,35802
580,79,1,74,51,5,Day 1 itinerary details,12765
581,79,2,73,97,15,Day 2 itinerary details,19679
582,80,1,94,39,70,Day 1 itinerary details,9174
583,80,2,38,39,52,Day 2 itinerary details,5213
584,80,3,3,29,93,Day 3 itinerary details,14085
585,80,4,31,66,99,Day 4 itinerary details,36276
586,80,5,73,22,83,Day 5 itinerary details,27244
587,80,6,10,21,17,Day 6 itinerary details,18890
588,80,7,7,36,67,Day 7 itinerary details,21121
589,80,8,77,30,87,Day 8 itinerary details,47950
590,80,9,94,29,72,Day 9 itinerary details,11345
591,80,10,33,59,20,Day 10 itinerary details,31844
592,80,11,29,53,85,Day 11 itinerary details,23560
593,80,12,34,44,96,Day 12 itinerary details,30452
594,81,1,14,37,35,Day 1 itinerary details,30530
595,81,2,24,65,6,Day 2 itinerary details,42827
596,81,3,38,1,41,Day 3 itinerary details,20902
597,81,4,36,73,54,Day 4 itinerary details,7334
598,81,5,29,85,3,Day 5 itinerary details,16737
599,81,6,61,6,20,Day 6 itinerary details,25590
600,81,7,61,46,13,Day 7 itinerary details,5744
601,81,8,23,79,31,Day 8 itinerary details,37259
602,81,9,75,66,16,Day 9 itinerary details,14586
603,81,10,31,48,43,Day 10 itinerary details,10099
604,82,1,4,62,48,Day 1 itinerary details,5411
605,82,2,16,89,77,Day 2 itinerary details,36172
606,82,3,30,65,69,Day 3 itinerary details,43474
607,82,4,34,56,29,Day 4 itinerary details,26457
608,82,5,79,25,94,Day 5 itinerary details,40564
609,82,6,66,40,91,Day 6 itinerary details,24189
610,82,7,15,32,20,Day 7 itinerary details,48725
611,82,8,91,67,49,Day 8 itinerary details,17236
612,82,9,89,82,1,Day 9 itinerary details,5166
613,82,10,61,55,69,Day 10 itinerary details,20233
614,83,1,94,17,29,Day 1 itinerary details,19708
615,83,2,4,73,64,Day 2 itinerary details,8412
616,83,3,43,76,12,Day 3 itinerary details,11449
617,83,4,68,61,92,Day 4 itinerary details,13136
618,83,5,51,96,77,Day 5 itinerary details,16346
619,83,6,78,5,91,Day 6 itinerary details,12067
620,83,7,90,10,88,Day 7 itinerary details,29272
621,83,8,52,80,17,Day 8 itinerary details,35075
622,84,1,21,54,49,Day 1 itinerary details,35741
623,84,2,69,64,36,Day 2 itinerary details,46620
624,84,3,56,73,91,Day 3 itinerary details,18487
625,84,4,76,18,99,Day 4 itinerary details,22678
626,84,5,44,94,45,Day 5 itinerary details,29160
627,84,6,36,40,51,Day 6 itinerary details,29564
628,84,7,30,26,85,Day 7 itinerary details,24946
629,84,8,31,56,61,Day 8 itinerary details,40536
630,84,9,98,24,97,Day 9 itinerary details,11142
631,84,10,4,9,2,Day 10 itinerary details,27650
632,84,11,38,45,15,Day 11 itinerary details,6002
633,85,1,42,3,31,Day 1 itinerary details,27451
634,85,2,41,57,42,Day 2 itinerary details,32768
635,85,3,56,87,76,Day 3 itinerary details,10556
636,85,4,85,85,32,Day 4 itinerary details,44760
637,85,5,54,37,88,Day 5 itinerary details,10383
638,85,6,82,11,54,Day 6 itinerary details,29713
639,85,7,90,70,81,Day 7 itinerary details,17374
640,85,8,42,37,92,Day 8 itinerary details,29783
641,86,1,76,58,85,Day 1 itinerary details,15042
642,86,2,24,28,37,Day 2 itinerary details,36252
643,86,3,33,2,83,Day 3 itinerary details,27670
644,86,4,1,28,50,Day 4 itinerary details,37991
645,86,5,28,9,24,Day 5 itinerary details,19007
646,87,1,41,67,48,Day 1 itinerary details,10973
647,87,2,58,39,25,Day 2 itinerary details,28867
648,87,3,86,47,98,Day 3 itinerary details,33499
649,87,4,100,27,96,Day 4 itinerary details,17585
650,87,5,52,93,48,Day 5 itinerary details,18599
651,87,6,24,3,27,Day 6 itinerary details,31568
652,88,1,40,23,7,Day 1 itinerary details,25688
653,88,2,37,7,94,Day 2 itinerary details,35796
654,88,3,82,95,22,Day 3 itinerary details,15061
655,88,4,82,99,17,Day 4 itinerary details,28826
656,88,5,95,39,36,Day 5 itinerary details,24612
657,88,6,60,56,40,Day 6 itinerary details,18967
658,88,7,33,89,16,Day 7 itinerary details,19072
659,88,8,98,66,44,Day 8 itinerary details,42610
660,88,9,38,51,60,Day 9 itinerary details,35993
661,88,10,5,40,6,Day 10 itinerary details,41978
662,88,11,12,12,73,Day 11 itinerary details,42879
663,88,12,22,49,50,Day 12 itinerary details,12426
664,89,1,16,14,64,Day 1 itinerary details,23039
665,89,2,41,68,59,Day 2 itinerary details,26366
666,89,3,10,75,90,Day 3 itinerary details,30080
667,89,4,26,4,90,Day 4 itinerary details,10659
668,89,5,2,66,16,Day 5 itinerary details,32003
669,89,6,57,23,23,Day 6 itinerary details,33620
670,89,7,21,25,58,Day 7 itinerary details,32172
671,89,8,49,77,15,Day 8 itinerary details,16931
672,89,9,67,87,4,Day 9 itinerary details,12601
673,90,1,60,62,67,Day 1 itinerary details,23759
674,90,2,43,89,58,Day 2 itinerary details,11248
675,90,3,52,76,69,Day 3 itinerary details,12136
676,91,1,46,25,25,Day 1 itinerary details,18417
677,91,2,90,74,88,Day 2 itinerary details,9002
678,91,3,29,38,69,Day 3 itinerary details,9375
679,91,4,19,46,49,Day 4 itinerary details,22352
680,91,5,26,25,35,Day 5 itinerary details,7033
681,91,6,36,14,56,Day 6 itinerary details,5645
682,91,7,32,26,15,Day 7 itinerary details,13112
683,91,8,95,56,37,Day 8 itinerary details,30212
684,91,9,53,58,83,Day 9 itinerary details,33493
685,91,10,36,11,27,Day 10 itinerary details,13213
686,92,1,66,84,17,Day 1 itinerary details,41877
687,92,2,7,79,94,Day 2 itinerary details,23319
688,92,3,66,19,1,Day 3 itinerary details,29862
689,92,4,4,91,58,Day 4 itinerary details,11455
690,92,5,53,89,86,Day 5 itinerary details,48050
691,92,6,74,97,49,Day 6 itinerary details,37059
692,92,7,94,94,16,Day 7 itinerary details,30698
693,92,8,60,47,15,Day 8 itinerary details,46022
694,92,9,28,20,97,Day 9 itinerary details,15174
695,93,1,33,36,13,Day 1 itinerary details,33989
696,93,2,68,23,72,Day 2 itinerary details,34735
697,93,3,30,94,25,Day 3 itinerary details,25704
698,93,4,73,26,24,Day 4 itinerary details,43240
699,93,5,39,89,79,Day 5 itinerary details,40388
700,93,6,49,41,70,Day 6 itinerary details,18587
701,93,7,44,16,21,Day 7 itinerary details,27438
702,93,8,42,61,4,Day 8 itinerary details,26143
703,94,1,3,1,94,Day 1 itinerary details,12564
704,94,2,54,82,40,Day 2 itinerary details,22790
705,95,1,11,42,93,Day 1 itinerary details,26763
706,95,2,25,36,64,Day 2 itinerary details,46596
707,95,3,44,40,92,Day 3 itinerary details,25908
708,95,4,8,85,35,Day 4 itinerary details,23833
709,95,5,47,25,41,Day 5 itinerary details,16780
710,95,6,64,62,72,Day 6 itinerary details,19422
711,95,7,3,37,95,Day 7 itinerary details,10416
712,95,8,20,67,87,Day 8 itinerary details,17164
713,96,1,25,39,37,Day 1 itinerary details,48655
714,96,2,4,41,60,Day 2 itinerary details,19133
715,96,3,22,78,19,Day 3 itinerary details,29268
716,97,1,99,68,33,Day 1 itinerary details,9757
717,97,2,65,11,16,Day 2 itinerary details,30795
718,98,1,93,44,88,Day 1 itinerary details,21627
719,98,2,9,72,78,Day 2 itinerary details,32726
720,98,3,62,86,15,Day 3 itinerary details,47757
721,98,4,1,20,36,Day 4 itinerary details,7177
722,98,5,70,2,3,Day 5 itinerary details,40846
723,98,6,84,64,41,Day 6 itinerary details,19120
724,98,7,5,89,82,Day 7 itinerary details,18336
725,98,8,81,46,15,Day 8 itinerary details,19020
726,99,1,17,21,53,Day 1 itinerary details,48478
727,99,2,10,81,57,Day 2 itinerary details,32712
728,99,3,37,7,76,Day 3 itinerary details,37039
729,99,4,50,1,20,Day 4 itinerary details,22259
730,99,5,31,68,90,Day 5 itinerary details,47112
731,99,6,1,3,76,Day 6 itinerary details,35197
732,99,7,21,13,61,Day 7 itinerary details,22512
733,99,8,82,33,6,Day 8 itinerary details,25311
734,99,9,26,4,35,Day 9 itinerary details,22610
735,100,1,100,25,20,Day 1 itinerary details,18568
736,100,2,94,68,23,Day 2 itinerary details,17002
737,100,3,22,95,62,Day 3 itinerary details,8712
738,100,4,59,68,19,Day 4 itinerary details,24328
739,100,5,48,19,52,Day 5 itinerary details,22813
740,100,6,50,66,6,Day 6 itinerary details,36679
741,100,7,21,97,19,Day 7 itinerary details,28770
742,100,8,37,63,29,Day 8 itinerary details,35907
743,100,9,92,34,1,Day 9 itinerary details,20448
744,100,10,21,34,26,Day 10 itinerary details,26539
745,100,11,99,23,81,Day 11 itinerary details,25457
746,100,12,76,44,20,Day 12 itinerary details,15470
747,101,1,27,61,37,Day 1 itinerary details,44635
748,101,2,52,75,92,Day 2 itinerary details,27077
749,101,3,66,24,80,Day 3 itinerary details,19735
750,101,4,36,2,89,Day 4 itinerary details,48773
751,101,5,62,64,29,Day 5 itinerary details,34897
752,101,6,87,96,31,Day 6 itinerary details,26902
753,101,7,55,33,81,Day 7 itinerary details,12859
754,101,8,100,20,73,Day 8 itinerary details,11786
755,101,9,54,66,18,Day 9 itinerary details,36190
756,101,10,83,7,35,Day 10 itinerary details,25859
757,101,11,84,84,83,Day 11 itinerary details,47856
758,101,12,80,85,93,Day 12 itinerary details,14707
759,101,13,60,24,93,Day 13 itinerary details,20212
760,102,1,39,12,94,Day 1 itinerary details,12348
761,102,2,64,4,94,Day 2 itinerary details,20748
762,102,3,16,27,4,Day 3 itinerary details,30391
763,102,4,8,81,46,Day 4 itinerary details,45747
764,102,5,67,91,52,Day 5 itinerary details,31623
765,102,6,34,62,21,Day 6 itinerary details,32927
766,102,7,44,41,29,Day 7 itinerary details,36365
767,102,8,56,14,50,Day 8 itinerary details,46060
768,103,1,52,88,77,Day 1 itinerary details,40584
769,103,2,12,24,37,Day 2 itinerary details,23899
770,103,3,70,76,85,Day 3 itinerary details,43554
771,103,4,53,17,15,Day 4 itinerary details,5678
772,103,5,4,17,11,Day 5 itinerary details,13459
773,103,6,32,27,44,Day 6 itinerary details,9906
774,104,1,91,49,93,Day 1 itinerary details,11344
775,104,2,43,3,29,Day 2 itinerary details,15836
776,104,3,35,48,74,Day 3 itinerary details,45920
777,104,4,24,20,15,Day 4 itinerary details,48604
778,104,5,76,18,60,Day 5 itinerary details,26206
779,104,6,93,41,69,Day 6 itinerary details,49518
780,104,7,90,75,11,Day 7 itinerary details,16703
781,104,8,18,12,16,Day 8 itinerary details,19106
782,104,9,100,17,85,Day 9 itinerary details,30196
783,105,1,35,27,87,Day 1 itinerary details,49703
784,105,2,17,11,1,Day 2 itinerary details,11704
785,105,3,41,20,71,Day 3 itinerary details,47020
786,105,4,16,39,45,Day 4 itinerary details,48798
787,105,5,32,49,81,Day 5 itinerary details,44442
788,105,6,98,78,67,Day 6 itinerary details,25134
789,105,7,89,60,11,Day 7 itinerary details,10168
790,105,8,15,83,61,Day 8 itinerary details,10290
791,105,9,15,79,79,Day 9 itinerary details,19844
792,105,10,73,5,83,Day 10 itinerary details,45919
793,105,11,29,62,60,Day 11 itinerary details,23244
794,105,12,22,13,50,Day 12 itinerary details,45819
795,105,13,47,29,80,Day 13 itinerary details,15083
796,106,1,17,20,78,Day 1 itinerary details,20877
797,106,2,22,9,32,Day 2 itinerary details,20648
798,106,3,77,99,70,Day 3 itinerary details,46264
799,106,4,30,16,65,Day 4 itinerary details,44017
800,106,5,82,86,90,Day 5 itinerary details,39573
801,106,6,56,37,49,Day 6 itinerary details,17493
802,106,7,90,50,36,Day 7 itinerary details,28318
803,106,8,66,71,45,Day 8 itinerary details,14074
804,106,9,86,28,20,Day 9 itinerary details,13624
805,106,10,57,82,88,Day 10 itinerary details,16194
806,106,11,26,19,13,Day 11 itinerary details,46277
807,106,12,14,73,11,Day 12 itinerary details,33994
808,106,13,12,35,39,Day 13 itinerary details,20519
809,107,1,14,65,27,Day 1 itinerary details,25580
810,107,2,60,43,65,Day 2 itinerary details,42484
811,107,3,93,88,81,Day 3 itinerary details,8234
812,107,4,95,32,19,Day 4 itinerary details,49198
813,107,5,20,28,3,Day 5 itinerary details,29479
814,107,6,86,58,54,Day 6 itinerary details,39729
815,108,1,15,83,62,Day 1 itinerary details,13734
816,108,2,61,26,69,Day 2 itinerary details,20032
817,108,3,20,66,21,Day 3 itinerary details,18170
818,108,4,60,63,51,Day 4 itinerary details,45163
819,109,1,92,84,39,Day 1 itinerary details,41195
820,109,2,11,57,3,Day 2 itinerary details,36268
821,109,3,84,96,25,Day 3 itinerary details,24348
822,109,4,80,42,1,Day 4 itinerary details,29854
823,109,5,24,47,89,Day 5 itinerary details,47118
824,109,6,38,47,35,Day 6 itinerary details,49237
825,109,7,62,73,3,Day 7 itinerary details,10477
826,109,8,20,97,44,Day 8 itinerary details,17191
827,109,9,100,26,48,Day 9 itinerary details,22668
828,109,10,59,61,49,Day 10 itinerary details,43813
829,109,11,17,70,58,Day 11 itinerary details,35652
830,109,12,63,15,1,Day 12 itinerary details,36628
831,110,1,48,34,30,Day 1 itinerary details,9626
832,110,2,64,66,57,Day 2 itinerary details,19859
833,110,3,40,24,11,Day 3 itinerary details,6280
834,110,4,58,28,68,Day 4 itinerary details,24816
835,110,5,94,59,71,Day 5 itinerary details,15773
836,110,6,90,29,89,Day 6 itinerary details,30555
837,110,7,78,97,69,Day 7 itinerary details,49588
838,110,8,70,86,17,Day 8 itinerary details,21155
839,110,9,2,82,27,Day 9 itinerary details,45278
840,110,10,7,61,52,Day 10 itinerary details,28802
841,110,11,48,19,73,Day 11 itinerary details,31507
842,110,12,94,71,2,Day 12 itinerary details,25240
843,111,1,75,76,3,Day 1 itinerary details,18332
844,111,2,78,79,51,Day 2 itinerary details,23793
845,111,3,10,55,36,Day 3 itinerary details,34746
846,111,4,74,17,89,Day 4 itinerary details,32196
847,111,5,91,97,75,Day 5 itinerary details,15124
848,111,6,65,95,97,Day 6 itinerary details,11141
849,111,7,85,80,87,Day 7 itinerary details,14161
850,111,8,48,97,86,Day 8 itinerary details,44144
851,111,9,70,47,10,Day 9 itinerary details,19008
852,111,10,80,13,61,Day 10 itinerary details,45761
853,111,11,84,68,84,Day 11 itinerary details,17885
854,111,12,29,16,63,Day 12 itinerary details,16694
855,111,13,43,23,30,Day 13 itinerary details,16448
856,112,1,30,67,56,Day 1 itinerary details,34028
857,112,2,77,96,76,Day 2 itinerary details,13199
858,112,3,88,44,80,Day 3 itinerary details,44007
859,112,4,34,35,96,Day 4 itinerary details,18617
860,112,5,17,2,90,Day 5 itinerary details,16563
861,112,6,81,49,2,Day 6 itinerary details,18639
862,112,7,70,9,1,Day 7 itinerary details,16110
863,112,8,9,14,27,Day 8 itinerary details,26128
864,112,9,36,93,84,Day 9 itinerary details,29419
865,112,10,3,23,73,Day 10 itinerary details,18085
866,112,11,19,67,50,Day 11 itinerary details,25994
867,113,1,98,66,27,Day 1 itinerary details,47966
868,113,2,96,99,40,Day 2 itinerary details,8964
869,113,3,18,27,11,Day 3 itinerary details,30766
870,113,4,19,89,7,Day 4 itinerary details,44646
871,113,5,57,2,38,Day 5 itinerary details,15884
872,113,6,78,82,36,Day 6 itinerary details,15691
873,113,7,88,77,85,Day 7 itinerary details,41536
874,113,8,97,20,5,Day 8 itinerary details,29802
875,113,9,30,28,53,Day 9 itinerary details,25614
876,114,1,42,35,94,Day 1 itinerary details,35408
877,114,2,76,54,29,Day 2 itinerary details,20826
878,114,3,13,42,37,Day 3 itinerary details,11588
879,114,4,96,79,21,Day 4 itinerary details,33034
880,114,5,8,70,93,Day 5 itinerary details,37400
881,114,6,10,97,13,Day 6 itinerary details,31074
882,114,7,12,66,74,Day 7 itinerary details,24071
883,114,8,85,23,65,Day 8 itinerary details,31080
884,114,9,52,61,26,Day 9 itinerary details,19862
885,114,10,22,89,65,Day 10 itinerary details,22305
886,114,11,21,24,16,Day 11 itinerary details,18727
887,114,12,16,77,42,Day 12 itinerary details,7719
888,115,1,50,41,24,Day 1 itinerary details,29588
889,115,2,75,79,10,Day 2 itinerary details,25009
890,115,3,41,3,55,Day 3 itinerary details,19635
891,115,4,81,89,30,Day 4 itinerary details,6006
892,115,5,99,37,60,Day 5 itinerary details,28500
893,115,6,24,26,58,Day 6 itinerary details,16016
894,116,1,61,19,28,Day 1 itinerary details,28430
895,116,2,45,86,94,Day 2 itinerary details,35398
896,116,3,37,16,5,Day 3 itinerary details,5051
897,116,4,23,6,36,Day 4 itinerary details,13096
898,116,5,49,41,80,Day 5 itinerary details,13545
899,116,6,26,37,77,Day 6 itinerary details,28667
900,116,7,17,96,32,Day 7 itinerary details,25956
901,116,8,25,47,22,Day 8 itinerary details,21346
902,116,9,61,44,20,Day 9 itinerary details,17631
903,117,1,47,47,72,Day 1 itinerary details,32186
904,117,2,55,78,39,Day 2 itinerary details,41109
905,117,3,69,47,21,Day 3 itinerary details,23167
906,117,4,100,97,81,Day 4 itinerary details,43351
907,117,5,82,10,23,Day 5 itinerary details,27289
908,117,6,58,73,94,Day 6 itinerary details,45396
909,117,7,52,95,46,Day 7 itinerary details,17138
910,117,8,13,96,17,Day 8 itinerary details,25028
911,118,1,65,53,5,Day 1 itinerary details,32551
912,118,2,89,45,56,Day 2 itinerary details,38124
913,118,3,87,76,34,Day 3 itinerary details,11614
914,118,4,80,62,69,Day 4 itinerary details,6579
915,118,5,28,70,13,Day 5 itinerary details,45618
916,118,6,30,26,81,Day 6 itinerary details,47040
917,118,7,64,80,49,Day 7 itinerary details,41147
918,119,1,63,82,13,Day 1 itinerary details,31204
919,119,2,88,45,46,Day 2 itinerary details,38960
920,119,3,46,1,73,Day 3 itinerary details,6883
921,119,4,12,88,73,Day 4 itinerary details,11562
922,119,5,99,33,58,Day 5 itinerary details,25469
923,119,6,35,46,84,Day 6 itinerary details,28105
924,120,1,44,26,42,Day 1 itinerary details,36308
925,120,2,30,32,36,Day 2 itinerary details,12961
926,120,3,48,19,83,Day 3 itinerary details,46026
927,120,4,56,18,5,Day 4 itinerary details,12791
928,120,5,24,78,38,Day 5 itinerary details,30154
929,120,6,70,76,52,Day 6 itinerary details,44933
930,120,7,75,39,59,Day 7 itinerary details,42273
931,120,8,65,80,48,Day 8 itinerary details,11256
932,120,9,53,9,5,Day 9 itinerary details,29435
933,121,1,72,61,21,Day 1 itinerary details,35432
934,121,2,63,20,58,Day 2 itinerary details,24188
935,122,1,45,22,77,Day 1 itinerary details,46958
936,122,2,75,82,63,Day 2 itinerary details,28358
937,122,3,97,44,67,Day 3 itinerary details,9025
938,122,4,65,36,6,Day 4 itinerary details,42924
939,122,5,93,75,55,Day 5 itinerary details,42580
940,122,6,75,59,38,Day 6 itinerary details,7456
941,122,7,79,77,33,Day 7 itinerary details,16788
942,122,8,38,58,88,Day 8 itinerary details,31515
943,123,1,17,24,26,Day 1 itinerary details,11823
944,123,2,32,93,78,Day 2 itinerary details,43741
945,123,3,98,91,92,Day 3 itinerary details,13056
946,123,4,86,60,57,Day 4 itinerary details,41458
947,123,5,58,67,22,Day 5 itinerary details,40513
948,123,6,85,80,73,Day 6 itinerary details,5076
949,123,7,74,49,85,Day 7 itinerary details,10296
950,123,8,42,40,71,Day 8 itinerary details,5405
951,123,9,82,21,51,Day 9 itinerary details,20345
952,123,10,14,74,97,Day 10 itinerary details,31376
953,124,1,18,13,17,Day 1 itinerary details,42757
954,124,2,87,25,54,Day 2 itinerary details,43159
955,124,3,24,95,75,Day 3 itinerary details,12830
956,124,4,41,86,33,Day 4 itinerary details,24048
957,124,5,42,48,18,Day 5 itinerary details,28885
958,124,6,92,11,24,Day 6 itinerary details,46148
959,124,7,64,36,83,Day 7 itinerary details,20456
960,124,8,53,83,47,Day 8 itinerary details,5819
961,124,9,96,79,57,Day 9 itinerary details,8146
962,124,10,23,59,69,Day 10 itinerary details,20287
963,125,1,86,42,18,Day 1 itinerary details,7886
964,125,2,33,3,28,Day 2 itinerary details,12293
965,125,3,63,47,37,Day 3 itinerary details,48349
966,125,4,48,19,14,Day 4 itinerary details,22602
967,125,5,83,97,85,Day 5 itinerary details,35489
968,125,6,10,99,77,Day 6 itinerary details,18381
969,125,7,43,70,99,Day 7 itinerary details,35415
970,125,8,72,59,3,Day 8 itinerary details,5388
971,125,9,85,95,78,Day 9 itinerary details,44780
972,125,10,83,37,84,Day 10 itinerary details,13627
973,125,11,66,63,7,Day 11 itinerary details,16060
974,125,12,6,7,44,Day 12 itinerary details,13209
975,125,13,54,29,83,Day 13 itinerary details,9376
976,126,1,63,68,13,Day 1 itinerary details,23079
977,126,2,27,51,34,Day 2 itinerary details,31907
978,126,3,73,72,85,Day 3 itinerary details,48629
979,126,4,30,93,9,Day 4 itinerary details,28633
980,126,5,64,38,22,Day 5 itinerary details,24870
981,126,6,99,42,62,Day 6 itinerary details,29169
982,126,7,64,74,9,Day 7 itinerary details,39173
983,126,8,95,44,63,Day 8 itinerary details,40495
984,126,9,88,41,72,Day 9 itinerary details,31929
985,126,10,20,81,92,Day 10 itinerary details,7501
986,126,11,42,33,92,Day 11 itinerary details,41158
987,127,1,57,65,52,Day 1 itinerary details,6890
988,127,2,88,6,7,Day 2 itinerary details,12688
989,127,3,61,80,34,Day 3 itinerary details,8746
990,127,4,99,20,58,Day 4 itinerary details,18014
991,127,5,60,54,35,Day 5 itinerary details,41397
992,127,6,87,4,10,Day 6 itinerary details,6063
993,127,7,55,73,40,Day 7 itinerary details,41043
994,127,8,81,96,23,Day 8 itinerary details,49174
995,127,9,92,5,40,Day 9 itinerary details,20604
996,127,10,21,79,3,Day 10 itinerary details,5345
997,127,11,79,53,20,Day 11 itinerary details,8770
998,128,1,21,90,87,Day 1 itinerary details,13048
999,128,2,51,25,68,Day 2 itinerary details,49659
1000,128,3,10,86,67,Day 3 itinerary details,14554
1001,128,4,95,9,29,Day 4 itinerary details,41772
1002,128,5,71,38,88,Day 5 itinerary details,9734
1003,128,6,72,98,59,Day 6 itinerary details,49505
1004,128,7,60,28,28,Day 7 itinerary details,38581
1005,128,8,71,67,86,Day 8 itinerary details,23358
1006,128,9,38,18,76,Day 9 itinerary details,20718
1007,128,10,5,44,29,Day 10 itinerary details,13298
1008,128,11,100,14,58,Day 11 itinerary details,15411
1009,128,12,18,7,87,Day 12 itinerary details,9090
1010,129,1,62,45,16,Day 1 itinerary details,48327
1011,129,2,37,25,9,Day 2 itinerary details,6672
1012,129,3,12,18,91,Day 3 itinerary details,30177
1013,130,1,56,90,74,Day 1 itinerary details,49412
1014,130,2,81,51,32,Day 2 itinerary details,44047
1015,130,3,30,26,24,Day 3 itinerary details,42018
1016,130,4,79,92,75,Day 4 itinerary details,8238
1017,130,5,66,51,73,Day 5 itinerary details,39604
1018,130,6,87,33,19,Day 6 itinerary details,35860
1019,130,7,78,96,22,Day 7 itinerary details,48923
1020,130,8,97,5,84,Day 8 itinerary details,12935
1021,130,9,78,91,90,Day 9 itinerary details,28898
1022,131,1,26,82,87,Day 1 itinerary details,25203
1023,131,2,88,4,67,Day 2 itinerary details,24708
1024,131,3,43,30,16,Day 3 itinerary details,29317
1025,131,4,71,39,86,Day 4 itinerary details,35504
1026,131,5,31,49,13,Day 5 itinerary details,28528
1027,131,6,41,93,28,Day 6 itinerary details,35078
1028,131,7,64,19,87,Day 7 itinerary details,7414
1029,131,8,72,25,38,Day 8 itinerary details,43008
1030,132,1,99,90,3,Day 1 itinerary details,9993
1031,132,2,5,61,20,Day 2 itinerary details,18515
1032,132,3,38,80,36,Day 3 itinerary details,12341
1033,132,4,93,99,37,Day 4 itinerary details,31260
1034,132,5,21,92,70,Day 5 itinerary details,23941
1035,132,6,60,36,77,Day 6 itinerary details,35183
1036,132,7,11,88,83,Day 7 itinerary details,10974
1037,132,8,31,37,60,Day 8 itinerary details,23492
1038,132,9,67,98,29,Day 9 itinerary details,27466
1039,132,10,79,71,67,Day 10 itinerary details,38258
1040,132,11,16,45,34,Day 11 itinerary details,35931
1041,133,1,44,97,78,Day 1 itinerary details,36863
1042,133,2,42,35,75,Day 2 itinerary details,49789
1043,133,3,84,30,53,Day 3 itinerary details,43457
1044,133,4,28,15,38,Day 4 itinerary details,45241
1045,133,5,13,35,24,Day 5 itinerary details,18376
1046,133,6,88,91,18,Day 6 itinerary details,29505
1047,133,7,26,29,72,Day 7 itinerary details,6067
1048,133,8,90,5,33,Day 8 itinerary details,38147
1049,133,9,5,36,77,Day 9 itinerary details,26516
1050,133,10,25,58,2,Day 10 itinerary details,49887
1051,133,11,36,25,34,Day 11 itinerary details,10259
1052,133,12,19,94,37,Day 12 itinerary details,40690
1053,133,13,1,60,67,Day 13 itinerary details,19553
1054,134,1,79,46,48,Day 1 itinerary details,47715
1055,134,2,68,19,88,Day 2 itinerary details,37252
1056,134,3,40,6,80,Day 3 itinerary details,16103
1057,134,4,94,63,35,Day 4 itinerary details,44367
1058,134,5,61,5,37,Day 5 itinerary details,19048
1059,134,6,88,11,99,Day 6 itinerary details,15919
1060,134,7,65,8,87,Day 7 itinerary details,41874
1061,134,8,71,58,94,Day 8 itinerary details,21303
1062,134,9,13,60,49,Day 9 itinerary details,38218
1063,134,10,7,77,25,Day 10 itinerary details,31798
1064,134,11,97,5,96,Day 11 itinerary details,21606
1065,134,12,13,42,5,Day 12 itinerary details,34590
1066,135,1,62,1,74,Day 1 itinerary details,34297
1067,135,2,91,54,72,Day 2 itinerary details,6907
1068,135,3,3,83,64,Day 3 itinerary details,10810
1069,135,4,2,49,31,Day 4 itinerary details,42705
1070,135,5,80,84,3,Day 5 itinerary details,5737
1071,136,1,85,36,64,Day 1 itinerary details,47911
1072,136,2,18,34,56,Day 2 itinerary details,9418
1073,136,3,53,67,91,Day 3 itinerary details,43593
1074,136,4,64,67,81,Day 4 itinerary details,27182
1075,136,5,38,40,19,Day 5 itinerary details,16243
1076,136,6,5,69,14,Day 6 itinerary details,22754
1077,136,7,49,64,57,Day 7 itinerary details,25386
1078,136,8,85,5,88,Day 8 itinerary details,28206
1079,136,9,24,40,50,Day 9 itinerary details,35412
1080,136,10,58,1,43,Day 10 itinerary details,45102
1081,136,11,10,2,63,Day 11 itinerary details,20375
1082,136,12,87,90,80,Day 12 itinerary details,16802
1083,137,1,63,94,64,Day 1 itinerary details,25064
1084,137,2,32,9,11,Day 2 itinerary details,41165
1085,137,3,30,15,59,Day 3 itinerary details,31321
1086,137,4,76,60,68,Day 4 itinerary details,17863
1087,137,5,54,80,87,Day 5 itinerary details,32338
1088,137,6,54,59,88,Day 6 itinerary details,44637
1089,137,7,39,15,79,Day 7 itinerary details,42787
1090,137,8,36,54,17,Day 8 itinerary details,26859
1091,137,9,86,87,93,Day 9 itinerary details,33693
1092,137,10,75,36,29,Day 10 itinerary details,48702
1093,137,11,42,32,14,Day 11 itinerary details,42393
1094,137,12,38,34,45,Day 12 itinerary details,19678
1095,137,13,32,67,63,Day 13 itinerary details,28990
1096,138,1,43,22,87,Day 1 itinerary details,45643
1097,138,2,77,96,29,Day 2 itinerary details,49583
1098,138,3,45,10,77,Day 3 itinerary details,21044
1099,138,4,17,2,17,Day 4 itinerary details,26337
1100,138,5,38,37,63,Day 5 itinerary details,5260
1101,138,6,25,73,92,Day 6 itinerary details,24390
1102,138,7,35,55,20,Day 7 itinerary details,24204
1103,138,8,39,63,32,Day 8 itinerary details,6254
1104,138,9,63,74,40,Day 9 itinerary details,19992
1105,138,10,79,73,32,Day 10 itinerary details,19590
1106,138,11,23,75,60,Day 11 itinerary details,30548
1107,139,1,82,56,9,Day 1 itinerary details,29681
1108,139,2,69,62,64,Day 2 itinerary details,38770
1109,139,3,22,32,47,Day 3 itinerary details,35465
1110,139,4,85,92,52,Day 4 itinerary details,20373
1111,139,5,37,27,24,Day 5 itinerary details,43463
1112,139,6,70,26,54,Day 6 itinerary details,27798
1113,139,7,29,74,28,Day 7 itinerary details,5570
1114,139,8,73,21,10,Day 8 itinerary details,24075
1115,139,9,62,4,6,Day 9 itinerary details,8655
1116,139,10,92,16,38,Day 10 itinerary details,7492
1117,139,11,65,83,50,Day 11 itinerary details,17304
1118,139,12,28,44,12,Day 12 itinerary details,46542
1119,139,13,72,3,49,Day 13 itinerary details,13511
1120,140,1,92,59,30,Day 1 itinerary details,21415
1121,140,2,75,20,16,Day 2 itinerary details,21792
1122,140,3,60,45,9,Day 3 itinerary details,12346
1123,140,4,61,40,61,Day 4 itinerary details,46666
1124,140,5,80,76,15,Day 5 itinerary details,43068
1125,140,6,4,23,27,Day 6 itinerary details,7406
1126,140,7,37,77,43,Day 7 itinerary details,7724
1127,140,8,85,29,29,Day 8 itinerary details,29240
1128,141,1,75,51,50,Day 1 itinerary details,15011
1129,141,2,74,5,56,Day 2 itinerary details,25606
1130,141,3,89,97,17,Day 3 itinerary details,46456
1131,141,4,97,89,97,Day 4 itinerary details,45693
1132,142,1,9,91,89,Day 1 itinerary details,46155
1133,142,2,73,79,16,Day 2 itinerary details,40215
1134,143,1,13,78,86,Day 1 itinerary details,48348
1135,143,2,73,63,41,Day 2 itinerary details,39484
1136,143,3,68,74,99,Day 3 itinerary details,39440
1137,143,4,51,48,80,Day 4 itinerary details,27929
1138,143,5,10,85,54,Day 5 itinerary details,41746
1139,143,6,40,47,20,Day 6 itinerary details,27369
1140,143,7,22,48,82,Day 7 itinerary details,38668
1141,143,8,65,83,74,Day 8 itinerary details,49308
1142,143,9,61,77,55,Day 9 itinerary details,44447
1143,143,10,23,87,11,Day 10 itinerary details,38025
1144,144,1,70,53,11,Day 1 itinerary details,48278
1145,144,2,73,12,36,Day 2 itinerary details,37347
1146,144,3,23,27,88,Day 3 itinerary details,38165
1147,144,4,54,99,27,Day 4 itinerary details,21944
1148,144,5,62,77,72,Day 5 itinerary details,33715
1149,144,6,44,98,61,Day 6 itinerary details,47665
1150,144,7,23,73,1,Day 7 itinerary details,15876
1151,145,1,36,55,16,Day 1 itinerary details,18144
1152,145,2,18,98,38,Day 2 itinerary details,43419
1153,146,1,19,13,17,Day 1 itinerary details,36773
1154,146,2,86,43,48,Day 2 itinerary details,30130
1155,146,3,93,66,53,Day 3 itinerary details,46543
1156,146,4,78,34,77,Day 4 itinerary details,5841
1157,146,5,72,71,13,Day 5 itinerary details,13921
1158,146,6,56,59,32,Day 6 itinerary details,9946
1159,146,7,79,54,2,Day 7 itinerary details,18266
1160,146,8,97,33,1,Day 8 itinerary details,37895
1161,146,9,28,17,57,Day 9 itinerary details,19917
1162,146,10,52,44,84,Day 10 itinerary details,29238
1163,146,11,13,76,30,Day 11 itinerary details,33756
1164,147,1,66,53,18,Day 1 itinerary details,9379
1165,147,2,4,42,6,Day 2 itinerary details,17901
1166,147,3,9,20,94,Day 3 itinerary details,25708
1167,147,4,38,68,50,Day 4 itinerary details,37571
1168,147,5,13,99,94,Day 5 itinerary details,44849
1169,147,6,68,25,31,Day 6 itinerary details,44150
1170,147,7,12,64,79,Day 7 itinerary details,49220
1171,147,8,53,26,61,Day 8 itinerary details,20865
1172,147,9,10,12,22,Day 9 itinerary details,40815
1173,148,1,53,21,35,Day 1 itinerary details,16857
1174,148,2,27,60,99,Day 2 itinerary details,34230
1175,148,3,66,96,15,Day 3 itinerary details,37492
1176,148,4,24,84,10,Day 4 itinerary details,48479
1177,148,5,24,88,57,Day 5 itinerary details,11127
1178,148,6,34,41,40,Day 6 itinerary details,18834
1179,148,7,90,1,30,Day 7 itinerary details,42876
1180,148,8,43,82,26,Day 8 itinerary details,27068
1181,149,1,47,9,9,Day 1 itinerary details,8456
1182,149,2,71,44,59,Day 2 itinerary details,45887
1183,149,3,51,16,38,Day 3 itinerary details,34066
1184,149,4,25,93,83,Day 4 itinerary details,24960
1185,149,5,59,29,80,Day 5 itinerary details,37389
1186,149,6,45,53,94,Day 6 itinerary details,49001
1187,149,7,21,57,76,Day 7 itinerary details,15501
1188,150,1,63,6,53,Day 1 itinerary details,12931
1189,150,2,4,9,69,Day 2 itinerary details,43343
1190,150,3,87,4,58,Day 3 itinerary details,36586
1191,150,4,50,96,14,Day 4 itinerary details,42386
1192,151,1,10,61,81,Day 1 itinerary details,34708
1193,151,2,34,60,51,Day 2 itinerary details,15223
1194,151,3,74,32,12,Day 3 itinerary details,34619
1195,151,4,13,85,54,Day 4 itinerary details,45313
1196,151,5,97,54,41,Day 5 itinerary details,41655
1197,151,6,51,47,50,Day 6 itinerary details,42451
1198,151,7,46,99,38,Day 7 itinerary details,22647
1199,151,8,92,13,76,Day 8 itinerary details,8733
1200,151,9,2,93,77,Day 9 itinerary details,32618
1201,151,10,13,57,34,Day 10 itinerary details,21520
1202,152,1,95,33,27,Day 1 itinerary details,31796
1203,152,2,2,79,83,Day 2 itinerary details,32486
1204,152,3,57,16,79,Day 3 itinerary details,13325
1205,152,4,14,27,38,Day 4 itinerary details,8730
1206,152,5,37,4,58,Day 5 itinerary details,13187
1207,152,6,9,40,15,Day 6 itinerary details,36716
1208,152,7,4,90,52,Day 7 itinerary details,18754
1209,152,8,99,54,41,Day 8 itinerary details,7280
1210,152,9,60,93,88,Day 9 itinerary details,35211
1211,152,10,85,39,7,Day 10 itinerary details,37150
1212,152,11,85,63,65,Day 11 itinerary details,23042
1213,152,12,41,89,95,Day 12 itinerary details,17150
1214,153,1,44,45,69,Day 1 itinerary details,7932
1215,153,2,95,51,65,Day 2 itinerary details,13119
1216,153,3,94,82,72,Day 3 itinerary details,9983
1217,153,4,90,40,58,Day 4 itinerary details,24086
1218,153,5,19,10,88,Day 5 itinerary details,5783
1219,153,6,43,31,16,Day 6 itinerary details,6103
1220,154,1,28,62,20,Day 1 itinerary details,13634
1221,154,2,9,10,45,Day 2 itinerary details,25945
1222,154,3,15,30,48,Day 3 itinerary details,14695
1223,154,4,40,91,91,Day 4 itinerary details,5841
1224,154,5,44,46,6,Day 5 itinerary details,37116
1225,154,6,24,73,91,Day 6 itinerary details,36749
1226,154,7,33,85,38,Day 7 itinerary details,17715
1227,154,8,17,31,37,Day 8 itinerary details,40324
1228,154,9,11,92,5,Day 9 itinerary details,31175
1229,154,10,76,3,56,Day 10 itinerary details,42429
1230,154,11,2,90,2,Day 11 itinerary details,12413
1231,154,12,12,40,2,Day 12 itinerary details,15856
1232,155,1,80,94,57,Day 1 itinerary details,18805
1233,155,2,36,4,75,Day 2 itinerary details,12575
1234,155,3,82,91,62,Day 3 itinerary details,14089
1235,155,4,15,75,91,Day 4 itinerary details,45951
1236,155,5,49,87,35,Day 5 itinerary details,48869
1237,155,6,47,24,83,Day 6 itinerary details,30391
1238,155,7,23,12,41,Day 7 itinerary details,34340
1239,155,8,70,51,23,Day 8 itinerary details,37236
1240,155,9,21,24,72,Day 9 itinerary details,25971
1241,156,1,9,22,4,Day 1 itinerary details,47060
1242,156,2,98,3,28,Day 2 itinerary details,26593
1243,156,3,98,15,8,Day 3 itinerary details,30314
1244,156,4,88,52,55,Day 4 itinerary details,38667
1245,156,5,55,12,19,Day 5 itinerary details,21846
1246,156,6,57,94,37,Day 6 itinerary details,22099
1247,157,1,83,98,7,Day 1 itinerary details,35518
1248,157,2,28,93,37,Day 2 itinerary details,21595
1249,157,3,61,75,39,Day 3 itinerary details,16881
1250,157,4,23,52,84,Day 4 itinerary details,30811
1251,157,5,11,66,13,Day 5 itinerary details,23344
1252,157,6,49,15,56,Day 6 itinerary details,10813
1253,157,7,31,61,58,Day 7 itinerary details,6494
1254,158,1,60,53,86,Day 1 itinerary details,46205
1255,158,2,61,80,42,Day 2 itinerary details,5284
1256,158,3,84,92,27,Day 3 itinerary details,13491
1257,158,4,93,5,52,Day 4 itinerary details,18680
1258,158,5,53,52,38,Day 5 itinerary details,12595
1259,158,6,53,2,54,Day 6 itinerary details,7387
1260,158,7,77,90,35,Day 7 itinerary details,18869
1261,158,8,72,92,79,Day 8 itinerary details,46398
1262,158,9,72,11,29,Day 9 itinerary details,21892
1263,158,10,69,63,47,Day 10 itinerary details,18166
1264,158,11,7,64,82,Day 11 itinerary details,33991
1265,158,12,92,12,12,Day 12 itinerary details,37035
1266,158,13,29,11,53,Day 13 itinerary details,27469
1267,159,1,85,74,96,Day 1 itinerary details,12214
1268,159,2,33,81,67,Day 2 itinerary details,9728
1269,159,3,43,18,74,Day 3 itinerary details,22460
1270,159,4,39,72,34,Day 4 itinerary details,19432
1271,159,5,49,10,40,Day 5 itinerary details,22297
1272,159,6,25,41,36,Day 6 itinerary details,26249
1273,159,7,83,74,49,Day 7 itinerary details,22906
1274,159,8,26,54,51,Day 8 itinerary details,40224
1275,160,1,17,74,61,Day 1 itinerary details,46005
1276,160,2,55,50,75,Day 2 itinerary details,33682
1277,160,3,12,40,48,Day 3 itinerary details,26873
1278,160,4,56,54,17,Day 4 itinerary details,36660
1279,160,5,5,3,9,Day 5 itinerary details,40539
1280,160,6,20,83,21,Day 6 itinerary details,29608
1281,160,7,5,24,63,Day 7 itinerary details,45985
1282,160,8,89,92,33,Day 8 itinerary details,14453
1283,160,9,18,18,38,Day 9 itinerary details,36008
1284,160,10,27,49,50,Day 10 itinerary details,44884
1285,160,11,52,98,68,Day 11 itinerary details,16106
1286,160,12,19,95,25,Day 12 itinerary details,16367
1287,161,1,76,76,25,Day 1 itinerary details,47331
1288,161,2,43,9,14,Day 2 itinerary details,16394
1289,161,3,69,56,26,Day 3 itinerary details,20205
1290,162,1,21,39,80,Day 1 itinerary details,32623
1291,162,2,23,93,74,Day 2 itinerary details,26433
1292,162,3,69,75,29,Day 3 itinerary details,17093
1293,162,4,53,45,27,Day 4 itinerary details,23984
1294,162,5,74,60,42,Day 5 itinerary details,17921
1295,163,1,51,75,11,Day 1 itinerary details,12074
1296,163,2,19,88,65,Day 2 itinerary details,5459
1297,163,3,61,47,14,Day 3 itinerary details,7801
1298,163,4,32,80,10,Day 4 itinerary details,37379
1299,164,1,17,40,68,Day 1 itinerary details,16198
1300,164,2,15,97,39,Day 2 itinerary details,29120
1301,164,3,10,71,97,Day 3 itinerary details,49875
1302,164,4,17,16,78,Day 4 itinerary details,20362
1303,164,5,51,94,46,Day 5 itinerary details,19451
1304,164,6,55,99,26,Day 6 itinerary details,25382
1305,164,7,81,72,19,Day 7 itinerary details,20577
1306,164,8,68,15,58,Day 8 itinerary details,25045
1307,164,9,30,48,56,Day 9 itinerary details,49329
1308,165,1,24,52,43,Day 1 itinerary details,49321
1309,165,2,60,83,3,Day 2 itinerary details,39442
1310,165,3,13,50,82,Day 3 itinerary details,13978
1311,165,4,44,33,38,Day 4 itinerary details,47722
1312,165,5,65,35,36,Day 5 itinerary details,6701
1313,165,6,39,25,64,Day 6 itinerary details,31983
1314,165,7,13,68,70,Day 7 itinerary details,39378
1315,165,8,1,72,54,Day 8 itinerary details,47087
1316,165,9,9,36,37,Day 9 itinerary details,5105
1317,165,10,59,21,20,Day 10 itinerary details,47981
1318,165,11,1,99,59,Day 11 itinerary details,33443
1319,165,12,71,56,9,Day 12 itinerary details,46920
1320,165,13,36,98,34,Day 13 itinerary details,5208
1321,166,1,32,66,25,Day 1 itinerary details,41274
1322,166,2,63,90,45,Day 2 itinerary details,44413
1323,166,3,26,21,82,Day 3 itinerary details,13186
1324,166,4,93,51,24,Day 4 itinerary details,23030
1325,166,5,92,12,11,Day 5 itinerary details,12190
1326,167,1,33,80,92,Day 1 itinerary details,25827
1327,167,2,38,55,70,Day 2 itinerary details,35377
1328,167,3,29,34,57,Day 3 itinerary details,28557
1329,167,4,48,64,13,Day 4 itinerary details,24491
1330,167,5,79,70,33,Day 5 itinerary details,5104
1331,167,6,76,57,55,Day 6 itinerary details,23060
1332,167,7,97,51,92,Day 7 itinerary details,42684
1333,168,1,36,5,25,Day 1 itinerary details,42924
1334,168,2,19,35,34,Day 2 itinerary details,8501
1335,168,3,6,83,1,Day 3 itinerary details,25678
1336,168,4,34,56,83,Day 4 itinerary details,21153
1337,168,5,42,91,38,Day 5 itinerary details,30497
1338,169,1,99,59,84,Day 1 itinerary details,21151
1339,169,2,21,60,90,Day 2 itinerary details,31117
1340,169,3,67,10,12,Day 3 itinerary details,10728
1341,169,4,22,62,61,Day 4 itinerary details,31703
1342,169,5,17,10,12,Day 5 itinerary details,27011
1343,169,6,40,23,40,Day 6 itinerary details,28625
1344,170,1,50,10,94,Day 1 itinerary details,21771
1345,170,2,1,43,83,Day 2 itinerary details,49420
1346,171,1,94,90,34,Day 1 itinerary details,10057
1347,171,2,24,14,41,Day 2 itinerary details,10289
1348,172,1,13,29,65,Day 1 itinerary details,7221
1349,172,2,34,63,4,Day 2 itinerary details,24026
1350,172,3,1,36,13,Day 3 itinerary details,18681
1351,172,4,5,97,14,Day 4 itinerary details,9983
1352,172,5,32,50,27,Day 5 itinerary details,25002
1353,172,6,3,4,7,Day 6 itinerary details,47472
1354,172,7,3,81,59,Day 7 itinerary details,36817
1355,172,8,1,28,59,Day 8 itinerary details,28925
1356,172,9,53,10,71,Day 9 itinerary details,20238
1357,172,10,9,99,90,Day 10 itinerary details,16204
1358,172,11,13,94,40,Day 11 itinerary details,40697
1359,172,12,62,62,10,Day 12 itinerary details,29297
1360,173,1,87,11,76,Day 1 itinerary details,14533
1361,173,2,77,56,49,Day 2 itinerary details,19066
1362,173,3,16,73,74,Day 3 itinerary details,7140
1363,173,4,9,33,88,Day 4 itinerary details,46378
1364,173,5,75,39,77,Day 5 itinerary details,17022
1365,173,6,87,25,80,Day 6 itinerary details,8383
1366,173,7,48,85,10,Day 7 itinerary details,32432
1367,173,8,83,99,59,Day 8 itinerary details,36899
1368,173,9,41,66,51,Day 9 itinerary details,26053
1369,173,10,30,40,40,Day 10 itinerary details,32493
1370,174,1,62,15,3,Day 1 itinerary details,28464
1371,174,2,63,48,61,Day 2 itinerary details,44215
1372,174,3,47,56,76,Day 3 itinerary details,15486
1373,175,1,8,78,18,Day 1 itinerary details,47347
1374,175,2,84,23,69,Day 2 itinerary details,25288
1375,175,3,46,66,80,Day 3 itinerary details,48972
1376,175,4,22,65,12,Day 4 itinerary details,42010
1377,175,5,22,55,62,Day 5 itinerary details,24856
1378,175,6,13,28,67,Day 6 itinerary details,47244
1379,175,7,100,60,15,Day 7 itinerary details,25816
1380,175,8,44,46,29,Day 8 itinerary details,21963
1381,175,9,96,49,43,Day 9 itinerary details,8941
1382,175,10,68,77,20,Day 10 itinerary details,42486
1383,175,11,18,64,49,Day 11 itinerary details,31025
1384,175,12,12,89,94,Day 12 itinerary details,40190
1385,175,13,36,8,28,Day 13 itinerary details,12539
1386,176,1,86,60,49,Day 1 itinerary details,11909
1387,176,2,38,80,58,Day 2 itinerary details,42421
1388,176,3,98,75,2,Day 3 itinerary details,16998
1389,176,4,69,40,68,Day 4 itinerary details,20858
1390,176,5,69,69,16,Day 5 itinerary details,22077
1391,176,6,63,18,17,Day 6 itinerary details,8665
1392,176,7,4,95,95,Day 7 itinerary details,13840
1393,176,8,31,5,16,Day 8 itinerary details,27313
1394,177,1,41,80,84,Day 1 itinerary details,45181
1395,177,2,30,26,49,Day 2 itinerary details,48550
1396,177,3,50,15,52,Day 3 itinerary details,40048
1397,177,4,38,38,60,Day 4 itinerary details,23451
1398,177,5,99,87,44,Day 5 itinerary details,40302
1399,177,6,89,63,50,Day 6 itinerary details,24694
1400,177,7,72,54,9,Day 7 itinerary details,48876
1401,177,8,67,60,98,Day 8 itinerary details,6953
1402,177,9,100,99,73,Day 9 itinerary details,32869
1403,177,10,54,90,12,Day 10 itinerary details,38640
1404,177,11,19,80,26,Day 11 itinerary details,43294
1405,177,12,33,57,30,Day 12 itinerary details,29265
1406,178,1,36,95,86,Day 1 itinerary details,44594
1407,178,2,66,53,87,Day 2 itinerary details,46850
1408,178,3,60,37,61,Day 3 itinerary details,31207
1409,178,4,53,12,35,Day 4 itinerary details,37225
1410,178,5,38,24,81,Day 5 itinerary details,35887
1411,178,6,65,57,72,Day 6 itinerary details,26804
1412,178,7,89,72,96,Day 7 itinerary details,11897
1413,178,8,13,79,6,Day 8 itinerary details,7144
1414,179,1,71,97,47,Day 1 itinerary details,43748
1415,179,2,44,32,3,Day 2 itinerary details,31451
1416,179,3,78,92,38,Day 3 itinerary details,45963
1417,179,4,79,17,37,Day 4 itinerary details,17631
1418,180,1,36,58,41,Day 1 itinerary details,23951
1419,180,2,67,30,86,Day 2 itinerary details,49467
1420,180,3,97,25,52,Day 3 itinerary details,47298
1421,180,4,30,67,4,Day 4 itinerary details,40902
1422,180,5,32,87,83,Day 5 itinerary details,35158
1423,180,6,51,63,80,Day 6 itinerary details,8069
1424,180,7,87,1,19,Day 7 itinerary details,42220
1425,180,8,35,63,94,Day 8 itinerary details,9176
1426,180,9,26,13,86,Day 9 itinerary details,5790
1427,181,1,97,91,35,Day 1 itinerary details,18067
1428,181,2,9,98,78,Day 2 itinerary details,24563
1429,181,3,44,61,21,Day 3 itinerary details,9223
1430,181,4,97,99,11,Day 4 itinerary details,36404
1431,181,5,32,86,83,Day 5 itinerary details,31403
1432,181,6,37,75,41,Day 6 itinerary details,39139
1433,181,7,49,15,13,Day 7 itinerary details,23464
1434,181,8,72,32,48,Day 8 itinerary details,27467
1435,181,9,57,62,82,Day 9 itinerary details,43102
1436,181,10,93,2,77,Day 10 itinerary details,17021
1437,182,1,8,19,32,Day 1 itinerary details,31178
1438,182,2,32,85,25,Day 2 itinerary details,15486
1439,182,3,81,25,33,Day 3 itinerary details,46758
1440,182,4,36,87,89,Day 4 itinerary details,11187
1441,182,5,48,30,13,Day 5 itinerary details,20018
1442,182,6,93,16,91,Day 6 itinerary details,12114
1443,182,7,47,37,3,Day 7 itinerary details,43297
1444,182,8,98,97,15,Day 8 itinerary details,34249
1445,183,1,28,84,38,Day 1 itinerary details,9687
1446,183,2,4,72,44,Day 2 itinerary details,26622
1447,184,1,46,84,26,Day 1 itinerary details,29927
1448,184,2,13,69,44,Day 2 itinerary details,46193
1449,184,3,53,51,13,Day 3 itinerary details,24112
1450,184,4,11,37,60,Day 4 itinerary details,6823
1451,184,5,45,18,93,Day 5 itinerary details,15387
1452,184,6,44,36,69,Day 6 itinerary details,23980
1453,184,7,33,82,19,Day 7 itinerary details,16881
1454,184,8,22,1,54,Day 8 itinerary details,31259
1455,184,9,58,35,70,Day 9 itinerary details,40781
1456,185,1,61,63,61,Day 1 itinerary details,19008
1457,185,2,3,95,99,Day 2 itinerary details,8830
1458,185,3,45,15,17,Day 3 itinerary details,30998
1459,185,4,5,86,46,Day 4 itinerary details,46482
1460,186,1,64,92,14,Day 1 itinerary details,10670
1461,186,2,67,55,42,Day 2 itinerary details,23122
1462,186,3,94,5,52,Day 3 itinerary details,30074
1463,186,4,85,59,25,Day 4 itinerary details,14876
1464,186,5,92,64,68,Day 5 itinerary details,47204
1465,186,6,47,35,87,Day 6 itinerary details,17983
1466,187,1,52,46,9,Day 1 itinerary details,32778
1467,187,2,61,9,53,Day 2 itinerary details,5707
1468,187,3,49,89,70,Day 3 itinerary details,37815
1469,187,4,82,7,99,Day 4 itinerary details,21951
1470,187,5,96,99,61,Day 5 itinerary details,33635
1471,187,6,5,30,22,Day 6 itinerary details,43281
1472,187,7,71,68,42,Day 7 itinerary details,38818
1473,187,8,7,23,75,Day 8 itinerary details,23036
1474,187,9,8,8,5,Day 9 itinerary details,10318
1475,187,10,86,2,88,Day 10 itinerary details,29754
1476,187,11,66,12,47,Day 11 itinerary details,41022
1477,187,12,26,45,62,Day 12 itinerary details,28365
1478,187,13,87,2,26,Day 13 itinerary details,9177
1479,188,1,57,32,62,Day 1 itinerary details,9978
1480,188,2,78,30,13,Day 2 itinerary details,11174
1481,188,3,37,45,86,Day 3 itinerary details,22722
1482,188,4,28,61,19,Day 4 itinerary details,30258
1483,188,5,59,16,69,Day 5 itinerary details,27315
1484,188,6,66,10,47,Day 6 itinerary details,37786
1485,189,1,84,93,89,Day 1 itinerary details,13882
1486,189,2,13,63,16,Day 2 itinerary details,16253
1487,189,3,53,35,59,Day 3 itinerary details,38062
1488,189,4,67,73,61,Day 4 itinerary details,6585
1489,189,5,53,46,52,Day 5 itinerary details,31747
1490,189,6,29,5,67,Day 6 itinerary details,14033
1491,189,7,95,75,81,Day 7 itinerary details,17199
1492,189,8,72,2,68,Day 8 itinerary details,26224
1493,190,1,58,85,69,Day 1 itinerary details,19989
1494,190,2,15,6,16,Day 2 itinerary details,39939
1495,190,3,95,46,63,Day 3 itinerary details,9747
1496,190,4,41,19,76,Day 4 itinerary details,31230
1497,190,5,77,2,20,Day 5 itinerary details,27134
1498,190,6,95,9,21,Day 6 itinerary details,9350
1499,190,7,8,39,37,Day 7 itinerary details,33700
1500,190,8,83,35,38,Day 8 itinerary details,30177
1501,191,1,75,35,68,Day 1 itinerary details,45812
1502,191,2,12,32,47,Day 2 itinerary details,30406
1503,191,3,26,43,77,Day 3 itinerary details,28350
1504,191,4,52,19,35,Day 4 itinerary details,43906
1505,191,5,91,60,31,Day 5 itinerary details,48266
1506,191,6,35,88,52,Day 6 itinerary details,32718
1507,191,7,51,56,99,Day 7 itinerary details,11164
1508,191,8,1,53,6,Day 8 itinerary details,25449
1509,191,9,82,62,89,Day 9 itinerary details,5334
1510,191,10,47,96,50,Day 10 itinerary details,30169
1511,192,1,31,64,29,Day 1 itinerary details,31254
1512,192,2,58,23,38,Day 2 itinerary details,9648
1513,192,3,75,15,87,Day 3 itinerary details,24970
1514,192,4,83,1,88,Day 4 itinerary details,20344
1515,192,5,75,94,11,Day 5 itinerary details,10051
1516,192,6,65,76,4,Day 6 itinerary details,24992
1517,192,7,72,79,43,Day 7 itinerary details,46053
1518,192,8,40,96,99,Day 8 itinerary details,7516
1519,192,9,95,91,44,Day 9 itinerary details,6479
1520,192,10,59,23,62,Day 10 itinerary details,26836
1521,192,11,63,60,99,Day 11 itinerary details,5459
1522,192,12,61,95,69,Day 12 itinerary details,19439
1523,193,1,89,21,3,Day 1 itinerary details,32567
1524,193,2,10,87,81,Day 2 itinerary details,37425
1525,193,3,99,89,66,Day 3 itinerary details,22242
1526,193,4,46,9,49,Day 4 itinerary details,45123
1527,194,1,90,96,29,Day 1 itinerary details,8669
1528,194,2,47,77,87,Day 2 itinerary details,41030
1529,194,3,31,51,41,Day 3 itinerary details,14251
1530,194,4,40,95,60,Day 4 itinerary details,37270
1531,194,5,78,99,88,Day 5 itinerary details,24098
1532,194,6,40,78,45,Day 6 itinerary details,41810
1533,194,7,47,90,56,Day 7 itinerary details,45501
1534,194,8,85,9,65,Day 8 itinerary details,16973
1535,194,9,1,86,13,Day 9 itinerary details,28077
1536,195,1,45,40,95,Day 1 itinerary details,26902
1537,195,2,50,2,53,Day 2 itinerary details,8038
1538,195,3,26,66,75,Day 3 itinerary details,31065
1539,195,4,85,59,95,Day 4 itinerary details,16801
1540,195,5,94,21,49,Day 5 itinerary details,37454
1541,195,6,66,37,14,Day 6 itinerary details,45391
1542,195,7,93,7,38,Day 7 itinerary details,6196
1543,195,8,22,44,81,Day 8 itinerary details,46184
1544,195,9,35,60,96,Day 9 itinerary details,29564
1545,195,10,3,67,72,Day 10 itinerary details,25973
1546,195,11,95,55,9,Day 11 itinerary details,22988
1547,196,1,28,15,91,Day 1 itinerary details,43119
1548,196,2,82,54,68,Day 2 itinerary details,47964
1549,196,3,47,42,23,Day 3 itinerary details,10484
1550,196,4,86,65,89,Day 4 itinerary details,37821
1551,196,5,92,11,63,Day 5 itinerary details,35229
1552,196,6,54,89,85,Day 6 itinerary details,23851
1553,196,7,58,20,16,Day 7 itinerary details,16227
1554,196,8,56,93,50,Day 8 itinerary details,37857
1555,197,1,66,74,13,Day 1 itinerary details,28880
1556,197,2,27,8,70,Day 2 itinerary details,40159
1557,197,3,67,26,36,Day 3 itinerary details,18204
1558,197,4,77,52,11,Day 4 itinerary details,42997
1559,197,5,46,78,97,Day 5 itinerary details,12553
1560,197,6,64,52,65,Day 6 itinerary details,49810
1561,197,7,6,96,79,Day 7 itinerary details,8915
1562,197,8,64,93,55,Day 8 itinerary details,34995
1563,197,9,86,14,83,Day 9 itinerary details,26892
1564,197,10,99,25,50,Day 10 itinerary details,49916
1565,197,11,82,2,10,Day 11 itinerary details,42355
1566,197,12,2,60,45,Day 12 itinerary details,15169
1567,198,1,7,99,87,Day 1 itinerary details,35740
1568,198,2,97,47,1,Day 2 itinerary details,12051
1569,199,1,75,48,94,Day 1 itinerary details,16395
1570,199,2,34,87,32,Day 2 itinerary details,23428
1571,199,3,3,92,68,Day 3 itinerary details,15097
1572,199,4,76,24,33,Day 4 itinerary details,28426
1573,199,5,4,30,70,Day 5 itinerary details,49592
1574,199,6,30,72,82,Day 6 itinerary details,45079
1575,199,7,53,6,24,Day 7 itinerary details,8954
1576,199,8,92,96,89,Day 8 itinerary details,35875
1577,199,9,21,8,36,Day 9 itinerary details,23440
1578,199,10,40,85,51,Day 10 itinerary details,44870
1579,199,11,68,74,26,Day 11 itinerary details,39215
1580,199,12,3,9,32,Day 12 itinerary details,26954
1581,199,13,4,6,73,Day 13 itinerary details,13985
1582,200,1,2,66,85,Day 1 itinerary details,10973
1583,200,2,3,35,59,Day 2 itinerary details,42240
1584,200,3,15,75,74,Day 3 itinerary details,27627
1585,200,4,14,66,45,Day 4 itinerary details,20151
1586,200,5,44,37,29,Day 5 itinerary details,43114
1587,200,6,84,85,34,Day 6 itinerary details,48706
1588,200,7,43,33,19,Day 7 itinerary details,18063
1589,200,8,31,11,8,Day 8 itinerary details,41499
1590,200,9,38,7,77,Day 9 itinerary details,21294
