PricingID,DestinationID,Season,Month,BaseCost,DynamicMultiplier,CurrencyCode,LastUpdated
1,1,High,1,18371,1.08,PKR,2026-05-12
2,1,Low,2,34252,0.96,PKR,2026-05-12
3,1,Medium,3,35870,0.87,PKR,2026-05-12
4,1,High,4,34016,1.29,PKR,2026-05-12
5,1,Low,5,25673,1.49,PKR,2026-05-12
6,1,Low,6,37742,0.83,PKR,2026-05-12
7,1,Medium,7,20860,0.95,PKR,2026-05-12
8,1,High,8,5969,1.15,PKR,2026-05-12
9,1,Medium,9,14524,0.9,PKR,2026-05-12
10,1,Low,10,22165,1.26,PKR,2026-05-12
11,1,Low,11,42106,1.14,PKR,2026-05-12
12,1,High,12,32392,0.92,PKR,2026-05-12
13,2,Low,1,21189,1.49,PKR,2026-05-12
14,2,Medium,2,21915,1.24,PKR,2026-05-12
15,2,Medium,3,38058,1.05,PKR,2026-05-12
16,2,High,4,48435,1.49,PKR,2026-05-12
17,2,Low,5,39407,1.05,PKR,2026-05-12
18,2,Medium,6,24021,1.0,PKR,2026-05-12
19,2,High,7,21620,1.15,PKR,2026-05-12
20,2,Medium,8,39972,1.45,PKR,2026-05-12
21,2,High,9,49055,0.86,PKR,2026-05-12
22,2,High,10,28094,1.33,PKR,2026-05-12
23,2,Medium,11,25808,1.31,PKR,2026-05-12
24,2,Low,12,9110,1.41,PKR,2026-05-12
25,3,Medium,1,47843,1.13,PKR,2026-05-12
26,3,Low,2,35366,1.25,PKR,2026-05-12
27,3,Low,3,5168,0.86,PKR,2026-05-12
28,3,Low,4,24592,0.83,PKR,2026-05-12
29,3,Low,5,24893,1.23,PKR,2026-05-12
30,3,Medium,6,33002,1.18,PKR,2026-05-12
31,3,Medium,7,40280,1.13,PKR,2026-05-12
32,3,High,8,44446,1.05,PKR,2026-05-12
33,3,High,9,21813,1.12,PKR,2026-05-12
34,3,Medium,10,33924,1.13,PKR,2026-05-12
35,3,Medium,11,9632,1.34,PKR,2026-05-12
36,3,Low,12,24047,0.89,PKR,2026-05-12
37,4,Low,1,27319,1.11,PKR,2026-05-12
38,4,Low,2,41634,1.1,PKR,2026-05-12
39,4,High,3,38445,0.97,PKR,2026-05-12
40,4,Medium,4,45000,1.27,PKR,2026-05-12
41,4,Low,5,6720,0.85,PKR,2026-05-12
42,4,Low,6,38702,1.04,PKR,2026-05-12
43,4,Medium,7,46185,1.29,PKR,2026-05-12
44,4,High,8,10074,1.43,PKR,2026-05-12
45,4,Medium,9,28456,1.41,PKR,2026-05-12
46,4,Medium,10,13471,1.41,PKR,2026-05-12
47,4,Medium,11,23748,1.14,PKR,2026-05-12
48,4,Low,12,42594,1.47,PKR,2026-05-12
49,5,Medium,1,34108,0.97,PKR,2026-05-12
50,5,Medium,2,30058,1.49,PKR,2026-05-12
51,5,Low,3,5016,1.15,PKR,2026-05-12
52,5,High,4,15905,1.16,PKR,2026-05-12
53,5,High,5,47771,1.46,PKR,2026-05-12
54,5,Low,6,11230,0.94,PKR,2026-05-12
55,5,Low,7,41045,0.93,PKR,2026-05-12
56,5,High,8,45071,0.99,PKR,2026-05-12
57,5,Low,9,7475,0.83,PKR,2026-05-12
58,5,High,10,42848,0.91,PKR,2026-05-12
59,5,High,11,33489,1.01,PKR,2026-05-12
60,5,Medium,12,45882,0.84,PKR,2026-05-12
61,6,Medium,1,9923,1.49,PKR,2026-05-12
62,6,High,2,48902,0.86,PKR,2026-05-12
63,6,Low,3,28305,1.39,PKR,2026-05-12
64,6,Medium,4,22490,1.12,PKR,2026-05-12
65,6,Medium,5,30312,0.96,PKR,2026-05-12
66,6,Low,6,41376,0.93,PKR,2026-05-12
67,6,Medium,7,5293,0.81,PKR,2026-05-12
68,6,Low,8,32515,1.2,PKR,2026-05-12
69,6,Low,9,28457,0.83,PKR,2026-05-12
70,6,Medium,10,5879,1.43,PKR,2026-05-12
71,6,Low,11,43468,0.81,PKR,2026-05-12
72,6,High,12,48271,1.0,PKR,2026-05-12
73,7,Low,1,27334,1.35,PKR,2026-05-12
74,7,High,2,15694,1.19,PKR,2026-05-12
75,7,High,3,20200,1.25,PKR,2026-05-12
76,7,Medium,4,29949,0.8,PKR,2026-05-12
77,7,Low,5,21495,1.31,PKR,2026-05-12
78,7,Medium,6,35868,1.21,PKR,2026-05-12
79,7,Low,7,28965,1.1,PKR,2026-05-12
80,7,Medium,8,43724,1.42,PKR,2026-05-12
81,7,High,9,7572,1.04,PKR,2026-05-12
82,7,Medium,10,27292,0.82,PKR,2026-05-12
83,7,Medium,11,31828,1.17,PKR,2026-05-12
84,7,Low,12,22506,1.39,PKR,2026-05-12
85,8,High,1,30793,1.25,PKR,2026-05-12
86,8,High,2,40657,0.96,PKR,2026-05-12
87,8,Medium,3,44907,1.0,PKR,2026-05-12
88,8,Medium,4,45849,0.84,PKR,2026-05-12
89,8,High,5,38239,1.05,PKR,2026-05-12
90,8,Low,6,40948,1.24,PKR,2026-05-12
91,8,Low,7,21482,0.93,PKR,2026-05-12
92,8,Medium,8,42347,0.91,PKR,2026-05-12
93,8,Medium,9,17497,1.04,PKR,2026-05-12
94,8,Medium,10,29491,1.1,PKR,2026-05-12
95,8,High,11,20719,1.1,PKR,2026-05-12
96,8,Medium,12,48743,1.02,PKR,2026-05-12
97,9,Medium,1,42739,1.26,PKR,2026-05-12
98,9,High,2,7601,1.28,PKR,2026-05-12
99,9,Low,3,38375,0.85,PKR,2026-05-12
100,9,Medium,4,12866,1.22,PKR,2026-05-12
101,9,High,5,10570,1.16,PKR,2026-05-12
102,9,Low,6,48538,1.29,PKR,2026-05-12
103,9,High,7,36760,1.39,PKR,2026-05-12
104,9,Low,8,32807,1.02,PKR,2026-05-12
105,9,Low,9,7260,1.2,PKR,2026-05-12
106,9,Medium,10,10478,0.96,PKR,2026-05-12
107,9,Medium,11,20695,1.31,PKR,2026-05-12
108,9,High,12,37475,1.02,PKR,2026-05-12
109,10,Medium,1,48402,1.27,PKR,2026-05-12
110,10,Low,2,47721,0.85,PKR,2026-05-12
111,10,Low,3,42696,1.17,PKR,2026-05-12
112,10,High,4,10934,1.09,PKR,2026-05-12
113,10,High,5,42323,1.3,PKR,2026-05-12
114,10,Low,6,26652,1.13,PKR,2026-05-12
115,10,Medium,7,39218,1.26,PKR,2026-05-12
116,10,Low,8,31448,1.46,PKR,2026-05-12
117,10,Low,9,7191,1.5,PKR,2026-05-12
118,10,Low,10,48497,1.5,PKR,2026-05-12
119,10,High,11,26208,0.85,PKR,2026-05-12
120,10,Low,12,38492,0.87,PKR,2026-05-12
121,11,High,1,39830,0.9,PKR,2026-05-12
122,11,High,2,44352,1.2,PKR,2026-05-12
123,11,High,3,17264,1.49,PKR,2026-05-12
124,11,High,4,19291,0.81,PKR,2026-05-12
125,11,Medium,5,10290,1.04,PKR,2026-05-12
126,11,Medium,6,6819,1.0,PKR,2026-05-12
127,11,Low,7,31783,1.26,PKR,2026-05-12
128,11,Low,8,23711,0.84,PKR,2026-05-12
129,11,Medium,9,41421,1.04,PKR,2026-05-12
130,11,High,10,9259,1.11,PKR,2026-05-12
131,11,High,11,11337,0.88,PKR,2026-05-12
132,11,Low,12,36544,0.99,PKR,2026-05-12
133,12,High,1,44020,1.13,PKR,2026-05-12
134,12,High,2,46088,0.84,PKR,2026-05-12
135,12,High,3,40720,1.32,PKR,2026-05-12
136,12,High,4,14782,1.11,PKR,2026-05-12
137,12,Low,5,27316,1.06,PKR,2026-05-12
138,12,Low,6,11044,1.05,PKR,2026-05-12
139,12,Low,7,10188,1.49,PKR,2026-05-12
140,12,Medium,8,33919,1.13,PKR,2026-05-12
141,12,Medium,9,18686,0.82,PKR,2026-05-12
142,12,High,10,38647,1.25,PKR,2026-05-12
143,12,Low,11,43065,0.88,PKR,2026-05-12
144,12,Medium,12,21656,1.28,PKR,2026-05-12
145,13,Low,1,22990,0.9,PKR,2026-05-12
146,13,Low,2,32427,1.17,PKR,2026-05-12
147,13,High,3,28594,1.11,PKR,2026-05-12
148,13,High,4,23113,1.16,PKR,2026-05-12
149,13,High,5,7894,1.49,PKR,2026-05-12
150,13,Low,6,39729,1.04,PKR,2026-05-12
151,13,Low,7,42630,1.14,PKR,2026-05-12
152,13,Medium,8,47970,1.09,PKR,2026-05-12
153,13,High,9,45477,1.28,PKR,2026-05-12
154,13,High,10,44332,1.47,PKR,2026-05-12
155,13,Low,11,40431,1.28,PKR,2026-05-12
156,13,High,12,21712,1.01,PKR,2026-05-12
157,14,High,1,15397,0.87,PKR,2026-05-12
158,14,Medium,2,10600,1.36,PKR,2026-05-12
159,14,Low,3,20024,1.13,PKR,2026-05-12
160,14,Medium,4,45876,1.11,PKR,2026-05-12
161,14,Low,5,48164,1.01,PKR,2026-05-12
162,14,Low,6,34047,1.03,PKR,2026-05-12
163,14,High,7,8910,1.0,PKR,2026-05-12
164,14,High,8,41568,1.11,PKR,2026-05-12
165,14,High,9,37298,1.39,PKR,2026-05-12
166,14,High,10,24700,0.96,PKR,2026-05-12
167,14,Medium,11,42705,1.01,PKR,2026-05-12
168,14,Low,12,17052,0.98,PKR,2026-05-12
169,15,High,1,13172,1.37,PKR,2026-05-12
170,15,Low,2,44991,1.13,PKR,2026-05-12
171,15,Low,3,36726,1.05,PKR,2026-05-12
172,15,Low,4,22358,0.88,PKR,2026-05-12
173,15,Medium,5,44886,1.27,PKR,2026-05-12
174,15,Medium,6,42573,1.08,PKR,2026-05-12
175,15,Low,7,20308,0.92,PKR,2026-05-12
176,15,Low,8,20560,1.11,PKR,2026-05-12
177,15,Low,9,13773,1.3,PKR,2026-05-12
178,15,High,10,21114,1.11,PKR,2026-05-12
179,15,High,11,40150,1.2,PKR,2026-05-12
180,15,Low,12,21614,1.38,PKR,2026-05-12
181,16,High,1,15103,1.12,PKR,2026-05-12
182,16,Low,2,15147,1.26,PKR,2026-05-12
183,16,High,3,39136,1.44,PKR,2026-05-12
184,16,High,4,19775,0.82,PKR,2026-05-12
185,16,Low,5,25432,1.2,PKR,2026-05-12
186,16,Medium,6,20381,0.96,PKR,2026-05-12
187,16,Low,7,16876,1.12,PKR,2026-05-12
188,16,Low,8,23468,1.17,PKR,2026-05-12
189,16,High,9,35467,0.95,PKR,2026-05-12
190,16,High,10,5918,1.13,PKR,2026-05-12
191,16,Low,11,26965,1.36,PKR,2026-05-12
192,16,High,12,29007,1.32,PKR,2026-05-12
193,17,High,1,36194,0.9,PKR,2026-05-12
194,17,Low,2,38200,1.44,PKR,2026-05-12
195,17,High,3,17720,1.3,PKR,2026-05-12
196,17,Medium,4,46973,1.18,PKR,2026-05-12
197,17,High,5,42616,1.16,PKR,2026-05-12
198,17,Medium,6,9985,1.25,PKR,2026-05-12
199,17,High,7,17964,0.92,PKR,2026-05-12
200,17,Low,8,27905,1.12,PKR,2026-05-12
201,17,Medium,9,48895,1.3,PKR,2026-05-12
202,17,Medium,10,28012,1.36,PKR,2026-05-12
203,17,Medium,11,49678,1.24,PKR,2026-05-12
204,17,Low,12,45571,0.88,PKR,2026-05-12
205,18,High,1,10060,1.31,PKR,2026-05-12
206,18,High,2,15065,0.83,PKR,2026-05-12
207,18,High,3,27871,1.18,PKR,2026-05-12
208,18,Medium,4,23405,1.18,PKR,2026-05-12
209,18,Medium,5,49354,0.92,PKR,2026-05-12
210,18,Low,6,40014,1.14,PKR,2026-05-12
211,18,High,7,39467,1.5,PKR,2026-05-12
212,18,High,8,24475,1.09,PKR,2026-05-12
213,18,Medium,9,45288,1.07,PKR,2026-05-12
214,18,Low,10,13406,1.48,PKR,2026-05-12
215,18,Medium,11,35303,1.11,PKR,2026-05-12
216,18,Medium,12,21312,0.92,PKR,2026-05-12
217,19,Low,1,44811,1.39,PKR,2026-05-12
218,19,Medium,2,22867,1.26,PKR,2026-05-12
219,19,Medium,3,28697,1.25,PKR,2026-05-12
220,19,Medium,4,14688,1.25,PKR,2026-05-12
221,19,High,5,27943,1.39,PKR,2026-05-12
222,19,High,6,47576,1.41,PKR,2026-05-12
223,19,High,7,30563,0.82,PKR,2026-05-12
224,19,High,8,10901,0.85,PKR,2026-05-12
225,19,High,9,41417,1.29,PKR,2026-05-12
226,19,Medium,10,40697,1.24,PKR,2026-05-12
227,19,High,11,5654,1.01,PKR,2026-05-12
228,19,Low,12,47656,0.93,PKR,2026-05-12
229,20,Medium,1,32287,1.0,PKR,2026-05-12
230,20,High,2,33130,1.29,PKR,2026-05-12
231,20,Medium,3,28720,1.43,PKR,2026-05-12
232,20,Low,4,47096,1.05,PKR,2026-05-12
233,20,Medium,5,39428,1.02,PKR,2026-05-12
234,20,High,6,9512,1.25,PKR,2026-05-12
235,20,Medium,7,16752,1.34,PKR,2026-05-12
236,20,Medium,8,19071,1.39,PKR,2026-05-12
237,20,Low,9,46354,0.99,PKR,2026-05-12
238,20,High,10,41095,1.43,PKR,2026-05-12
239,20,Low,11,18431,1.16,PKR,2026-05-12
240,20,Low,12,38014,1.42,PKR,2026-05-12
241,21,High,1,36064,1.15,PKR,2026-05-12
242,21,Low,2,7434,1.3,PKR,2026-05-12
243,21,Low,3,26477,0.98,PKR,2026-05-12
244,21,Medium,4,42994,1.22,PKR,2026-05-12
245,21,Low,5,33107,1.25,PKR,2026-05-12
246,21,Low,6,46568,1.07,PKR,2026-05-12
247,21,Medium,7,19077,0.8,PKR,2026-05-12
248,21,Medium,8,10060,1.24,PKR,2026-05-12
249,21,Medium,9,15662,1.28,PKR,2026-05-12
250,21,Medium,10,8490,1.12,PKR,2026-05-12
251,21,Medium,11,42682,1.24,PKR,2026-05-12
252,21,High,12,31232,0.85,PKR,2026-05-12
253,22,High,1,46594,1.28,PKR,2026-05-12
254,22,Medium,2,30552,1.37,PKR,2026-05-12
255,22,Medium,3,17541,1.08,PKR,2026-05-12
256,22,Medium,4,36715,1.05,PKR,2026-05-12
257,22,Medium,5,12264,0.84,PKR,2026-05-12
258,22,High,6,20529,0.83,PKR,2026-05-12
259,22,Low,7,6147,0.89,PKR,2026-05-12
260,22,Medium,8,9706,1.03,PKR,2026-05-12
261,22,Low,9,31858,0.87,PKR,2026-05-12
262,22,Low,10,36561,0.98,PKR,2026-05-12
263,22,High,11,32004,1.45,PKR,2026-05-12
264,22,Medium,12,11174,0.83,PKR,2026-05-12
265,23,Low,1,14960,1.36,PKR,2026-05-12
266,23,Low,2,27864,1.29,PKR,2026-05-12
267,23,Medium,3,13960,1.1,PKR,2026-05-12
268,23,High,4,44503,1.38,PKR,2026-05-12
269,23,High,5,31163,1.45,PKR,2026-05-12
270,23,Medium,6,10275,1.04,PKR,2026-05-12
271,23,Medium,7,47599,1.47,PKR,2026-05-12
272,23,Low,8,23614,1.17,PKR,2026-05-12
273,23,Medium,9,25131,1.42,PKR,2026-05-12
274,23,Low,10,16041,1.07,PKR,2026-05-12
275,23,Medium,11,44591,1.31,PKR,2026-05-12
276,23,Low,12,33240,1.47,PKR,2026-05-12
277,24,Low,1,42309,1.35,PKR,2026-05-12
278,24,High,2,28391,1.14,PKR,2026-05-12
279,24,Low,3,47615,1.25,PKR,2026-05-12
280,24,Medium,4,22951,1.23,PKR,2026-05-12
281,24,Low,5,48976,1.47,PKR,2026-05-12
282,24,Medium,6,30180,1.0,PKR,2026-05-12
283,24,Low,7,43620,1.4,PKR,2026-05-12
284,24,Medium,8,9655,0.98,PKR,2026-05-12
285,24,High,9,33602,1.28,PKR,2026-05-12
286,24,Low,10,30785,1.06,PKR,2026-05-12
287,24,Low,11,42272,0.95,PKR,2026-05-12
288,24,Medium,12,5085,0.82,PKR,2026-05-12
289,25,Low,1,20711,0.93,PKR,2026-05-12
290,25,Low,2,49220,1.33,PKR,2026-05-12
291,25,Low,3,18442,1.31,PKR,2026-05-12
292,25,High,4,38959,1.32,PKR,2026-05-12
293,25,Low,5,20870,0.97,PKR,2026-05-12
294,25,Low,6,10921,1.18,PKR,2026-05-12
295,25,Medium,7,37356,1.45,PKR,2026-05-12
296,25,Low,8,29256,1.45,PKR,2026-05-12
297,25,Low,9,35671,1.18,PKR,2026-05-12
298,25,Low,10,44284,1.0,PKR,2026-05-12
299,25,High,11,11157,1.3,PKR,2026-05-12
300,25,Medium,12,44347,1.28,PKR,2026-05-12
301,26,Low,1,23105,1.45,PKR,2026-05-12
302,26,High,2,32995,1.03,PKR,2026-05-12
303,26,High,3,48694,0.89,PKR,2026-05-12
304,26,Low,4,18077,1.35,PKR,2026-05-12
305,26,High,5,25805,0.99,PKR,2026-05-12
306,26,Medium,6,27295,1.17,PKR,2026-05-12
307,26,Medium,7,44811,1.37,PKR,2026-05-12
308,26,Medium,8,30881,1.05,PKR,2026-05-12
309,26,Low,9,29110,1.05,PKR,2026-05-12
310,26,Medium,10,21620,1.33,PKR,2026-05-12
311,26,Low,11,39567,0.83,PKR,2026-05-12
312,26,High,12,37899,1.44,PKR,2026-05-12
313,27,Low,1,31610,1.33,PKR,2026-05-12
314,27,Low,2,37630,1.21,PKR,2026-05-12
315,27,High,3,39226,1.31,PKR,2026-05-12
316,27,Low,4,27989,1.13,PKR,2026-05-12
317,27,Medium,5,11861,0.94,PKR,2026-05-12
318,27,High,6,9718,1.36,PKR,2026-05-12
319,27,Medium,7,9484,1.25,PKR,2026-05-12
320,27,Medium,8,40080,1.1,PKR,2026-05-12
321,27,High,9,37908,1.29,PKR,2026-05-12
322,27,High,10,45544,1.45,PKR,2026-05-12
323,27,Low,11,36340,0.84,PKR,2026-05-12
324,27,Medium,12,37136,1.46,PKR,2026-05-12
325,28,Low,1,41228,1.43,PKR,2026-05-12
326,28,Medium,2,14348,0.91,PKR,2026-05-12
327,28,Low,3,6307,1.44,PKR,2026-05-12
328,28,Low,4,7852,1.45,PKR,2026-05-12
329,28,Low,5,31247,1.0,PKR,2026-05-12
330,28,Medium,6,49174,1.0,PKR,2026-05-12
331,28,Low,7,24004,1.14,PKR,2026-05-12
332,28,Medium,8,17758,1.3,PKR,2026-05-12
333,28,High,9,41792,1.06,PKR,2026-05-12
334,28,Medium,10,21404,1.38,PKR,2026-05-12
335,28,Low,11,28671,1.47,PKR,2026-05-12
336,28,High,12,48542,1.29,PKR,2026-05-12
337,29,Low,1,44895,0.84,PKR,2026-05-12
338,29,High,2,31441,1.44,PKR,2026-05-12
339,29,High,3,35079,1.43,PKR,2026-05-12
340,29,High,4,10079,1.23,PKR,2026-05-12
341,29,High,5,39421,0.8,PKR,2026-05-12
342,29,Low,6,49342,0.95,PKR,2026-05-12
343,29,Low,7,19066,1.47,PKR,2026-05-12
344,29,Medium,8,20548,1.16,PKR,2026-05-12
345,29,High,9,21151,1.02,PKR,2026-05-12
346,29,Medium,10,24900,1.36,PKR,2026-05-12
347,29,High,11,35870,0.84,PKR,2026-05-12
348,29,Medium,12,12516,0.86,PKR,2026-05-12
349,30,Low,1,18322,1.21,PKR,2026-05-12
350,30,Medium,2,5152,1.11,PKR,2026-05-12
351,30,Medium,3,20503,0.97,PKR,2026-05-12
352,30,Medium,4,16734,0.91,PKR,2026-05-12
353,30,High,5,47396,1.42,PKR,2026-05-12
354,30,Low,6,26905,1.02,PKR,2026-05-12
355,30,Low,7,44606,1.42,PKR,2026-05-12
356,30,Low,8,19464,1.48,PKR,2026-05-12
357,30,High,9,17653,1.49,PKR,2026-05-12
358,30,High,10,12078,1.27,PKR,2026-05-12
359,30,Low,11,31264,0.87,PKR,2026-05-12
360,30,Medium,12,29377,0.94,PKR,2026-05-12
361,31,Medium,1,37461,1.1,PKR,2026-05-12
362,31,High,2,35808,0.88,PKR,2026-05-12
363,31,Medium,3,21586,1.14,PKR,2026-05-12
364,31,High,4,8740,0.88,PKR,2026-05-12
365,31,Low,5,49855,1.04,PKR,2026-05-12
366,31,High,6,22114,0.9,PKR,2026-05-12
367,31,Low,7,13687,1.49,PKR,2026-05-12
368,31,Medium,8,48622,1.25,PKR,2026-05-12
369,31,Medium,9,7575,1.47,PKR,2026-05-12
370,31,Medium,10,34570,0.82,PKR,2026-05-12
371,31,Medium,11,15094,1.41,PKR,2026-05-12
372,31,High,12,35651,1.3,PKR,2026-05-12
373,32,Medium,1,41743,1.23,PKR,2026-05-12
374,32,Medium,2,43168,1.34,PKR,2026-05-12
375,32,Medium,3,45159,1.22,PKR,2026-05-12
376,32,Medium,4,16766,1.23,PKR,2026-05-12
377,32,Low,5,20848,1.15,PKR,2026-05-12
378,32,Low,6,20759,1.45,PKR,2026-05-12
379,32,Low,7,8590,1.23,PKR,2026-05-12
380,32,Low,8,38085,1.41,PKR,2026-05-12
381,32,Low,9,5640,1.07,PKR,2026-05-12
382,32,High,10,47430,1.05,PKR,2026-05-12
383,32,Medium,11,46011,0.81,PKR,2026-05-12
384,32,Low,12,16814,1.38,PKR,2026-05-12
385,33,Low,1,13479,0.84,PKR,2026-05-12
386,33,High,2,11357,1.07,PKR,2026-05-12
387,33,Low,3,19567,1.0,PKR,2026-05-12
388,33,High,4,33684,0.99,PKR,2026-05-12
389,33,Low,5,12670,0.91,PKR,2026-05-12
390,33,High,6,7666,1.0,PKR,2026-05-12
391,33,Low,7,46247,1.48,PKR,2026-05-12
392,33,Medium,8,27608,1.21,PKR,2026-05-12
393,33,Medium,9,36421,1.02,PKR,2026-05-12
394,33,Medium,10,39602,1.48,PKR,2026-05-12
395,33,Low,11,25735,0.8,PKR,2026-05-12
396,33,Low,12,34228,1.22,PKR,2026-05-12
397,34,Low,1,20411,0.9,PKR,2026-05-12
398,34,Low,2,5554,1.36,PKR,2026-05-12
399,34,Medium,3,42598,1.23,PKR,2026-05-12
400,34,Low,4,14003,1.19,PKR,2026-05-12
401,34,Low,5,13509,1.39,PKR,2026-05-12
402,34,High,6,23932,1.14,PKR,2026-05-12
403,34,Low,7,43867,1.48,PKR,2026-05-12
404,34,Medium,8,40031,0.96,PKR,2026-05-12
405,34,Low,9,7790,1.11,PKR,2026-05-12
406,34,Medium,10,32245,0.83,PKR,2026-05-12
407,34,Low,11,41269,1.36,PKR,2026-05-12
408,34,Low,12,39890,1.05,PKR,2026-05-12
409,35,Medium,1,25517,1.19,PKR,2026-05-12
410,35,Medium,2,18961,1.36,PKR,2026-05-12
411,35,Medium,3,34456,1.19,PKR,2026-05-12
412,35,Low,4,18930,1.21,PKR,2026-05-12
413,35,High,5,6709,1.15,PKR,2026-05-12
414,35,High,6,8990,1.2,PKR,2026-05-12
415,35,High,7,41604,1.28,PKR,2026-05-12
416,35,Medium,8,9523,1.05,PKR,2026-05-12
417,35,Low,9,34319,1.41,PKR,2026-05-12
418,35,Medium,10,34210,1.36,PKR,2026-05-12
419,35,Low,11,39662,1.3,PKR,2026-05-12
420,35,Low,12,12484,1.28,PKR,2026-05-12
421,36,High,1,8356,1.43,PKR,2026-05-12
422,36,Low,2,8074,1.33,PKR,2026-05-12
423,36,Low,3,35858,1.46,PKR,2026-05-12
424,36,High,4,19189,1.07,PKR,2026-05-12
425,36,Low,5,42559,1.2,PKR,2026-05-12
426,36,Low,6,6012,1.22,PKR,2026-05-12
427,36,Medium,7,41324,1.12,PKR,2026-05-12
428,36,Medium,8,31301,1.49,PKR,2026-05-12
429,36,High,9,17159,1.38,PKR,2026-05-12
430,36,High,10,43310,0.99,PKR,2026-05-12
431,36,Medium,11,23232,1.14,PKR,2026-05-12
432,36,High,12,18024,1.19,PKR,2026-05-12
433,37,Low,1,18599,1.3,PKR,2026-05-12
434,37,High,2,14584,1.13,PKR,2026-05-12
435,37,Low,3,26223,1.22,PKR,2026-05-12
436,37,High,4,36361,1.3,PKR,2026-05-12
437,37,Low,5,17003,0.85,PKR,2026-05-12
438,37,Medium,6,17215,1.23,PKR,2026-05-12
439,37,Medium,7,48228,1.46,PKR,2026-05-12
440,37,Low,8,21001,0.81,PKR,2026-05-12
441,37,Medium,9,45407,0.83,PKR,2026-05-12
442,37,High,10,33206,1.02,PKR,2026-05-12
443,37,Low,11,46951,1.05,PKR,2026-05-12
444,37,Medium,12,26997,1.13,PKR,2026-05-12
445,38,Medium,1,48560,1.32,PKR,2026-05-12
446,38,Low,2,48099,1.44,PKR,2026-05-12
447,38,Low,3,35337,0.95,PKR,2026-05-12
448,38,Medium,4,27058,1.06,PKR,2026-05-12
449,38,High,5,44430,1.48,PKR,2026-05-12
450,38,High,6,14110,1.26,PKR,2026-05-12
451,38,Low,7,20384,1.08,PKR,2026-05-12
452,38,Low,8,31246,1.07,PKR,2026-05-12
453,38,Low,9,49100,1.22,PKR,2026-05-12
454,38,Medium,10,34541,1.38,PKR,2026-05-12
455,38,Medium,11,15556,1.32,PKR,2026-05-12
456,38,Medium,12,21927,1.31,PKR,2026-05-12
457,39,Low,1,19410,1.02,PKR,2026-05-12
458,39,Low,2,42080,1.33,PKR,2026-05-12
459,39,Low,3,45596,1.27,PKR,2026-05-12
460,39,Medium,4,33632,0.94,PKR,2026-05-12
461,39,Medium,5,34842,1.33,PKR,2026-05-12
462,39,High,6,32436,1.34,PKR,2026-05-12
463,39,High,7,13896,0.85,PKR,2026-05-12
464,39,Medium,8,32450,0.8,PKR,2026-05-12
465,39,Medium,9,48469,1.37,PKR,2026-05-12
466,39,High,10,17002,1.17,PKR,2026-05-12
467,39,High,11,26026,1.18,PKR,2026-05-12
468,39,High,12,34763,0.85,PKR,2026-05-12
469,40,Low,1,25038,1.14,PKR,2026-05-12
470,40,Low,2,40371,1.04,PKR,2026-05-12
471,40,Medium,3,46352,1.05,PKR,2026-05-12
472,40,Low,4,49088,1.04,PKR,2026-05-12
473,40,High,5,12571,0.88,PKR,2026-05-12
474,40,Medium,6,44974,0.96,PKR,2026-05-12
475,40,High,7,41888,1.07,PKR,2026-05-12
476,40,Low,8,42605,1.26,PKR,2026-05-12
477,40,Medium,9,46845,1.07,PKR,2026-05-12
478,40,Medium,10,41235,1.05,PKR,2026-05-12
479,40,Medium,11,36507,1.15,PKR,2026-05-12
480,40,Medium,12,12739,1.19,PKR,2026-05-12
481,41,Low,1,25140,1.37,PKR,2026-05-12
482,41,Low,2,20545,1.08,PKR,2026-05-12
483,41,Medium,3,16158,1.48,PKR,2026-05-12
484,41,Low,4,28047,1.24,PKR,2026-05-12
485,41,Low,5,8447,0.95,PKR,2026-05-12
486,41,High,6,17737,1.22,PKR,2026-05-12
487,41,High,7,16151,1.22,PKR,2026-05-12
488,41,High,8,45455,0.81,PKR,2026-05-12
489,41,Medium,9,18050,1.29,PKR,2026-05-12
490,41,Medium,10,10902,1.34,PKR,2026-05-12
491,41,Medium,11,35294,0.94,PKR,2026-05-12
492,41,High,12,20017,1.02,PKR,2026-05-12
493,42,Low,1,7440,0.97,PKR,2026-05-12
494,42,High,2,35737,1.05,PKR,2026-05-12
495,42,High,3,46021,1.22,PKR,2026-05-12
496,42,High,4,47043,0.95,PKR,2026-05-12
497,42,Medium,5,19419,1.32,PKR,2026-05-12
498,42,Low,6,46397,0.82,PKR,2026-05-12
499,42,Low,7,45028,1.48,PKR,2026-05-12
500,42,Low,8,29726,0.95,PKR,2026-05-12
501,42,Low,9,30206,1.44,PKR,2026-05-12
502,42,Medium,10,15159,1.32,PKR,2026-05-12
503,42,High,11,30409,1.38,PKR,2026-05-12
504,42,Low,12,32211,0.8,PKR,2026-05-12
505,43,Medium,1,19114,1.38,PKR,2026-05-12
506,43,High,2,27633,0.9,PKR,2026-05-12
507,43,High,3,36667,1.28,PKR,2026-05-12
508,43,High,4,8719,1.29,PKR,2026-05-12
509,43,High,5,23449,0.92,PKR,2026-05-12
510,43,High,6,48939,0.88,PKR,2026-05-12
511,43,Low,7,29569,1.17,PKR,2026-05-12
512,43,Low,8,32231,0.98,PKR,2026-05-12
513,43,Low,9,45303,1.19,PKR,2026-05-12
514,43,High,10,44005,1.1,PKR,2026-05-12
515,43,Medium,11,32320,1.11,PKR,2026-05-12
516,43,Low,12,41398,0.89,PKR,2026-05-12
517,44,Medium,1,35467,0.83,PKR,2026-05-12
518,44,Low,2,5331,1.26,PKR,2026-05-12
519,44,Low,3,27628,1.34,PKR,2026-05-12
520,44,High,4,40685,1.36,PKR,2026-05-12
521,44,High,5,46107,1.19,PKR,2026-05-12
522,44,Low,6,12574,1.39,PKR,2026-05-12
523,44,Low,7,17210,1.46,PKR,2026-05-12
524,44,Medium,8,47527,1.49,PKR,2026-05-12
525,44,Low,9,20023,0.88,PKR,2026-05-12
526,44,Low,10,40803,1.37,PKR,2026-05-12
527,44,High,11,41320,1.44,PKR,2026-05-12
528,44,High,12,21219,1.24,PKR,2026-05-12
529,45,Medium,1,41276,1.2,PKR,2026-05-12
530,45,Medium,2,7537,1.39,PKR,2026-05-12
531,45,High,3,32447,0.83,PKR,2026-05-12
532,45,High,4,24074,1.44,PKR,2026-05-12
533,45,Medium,5,44581,1.29,PKR,2026-05-12
534,45,High,6,23977,1.33,PKR,2026-05-12
535,45,Medium,7,12139,1.45,PKR,2026-05-12
536,45,High,8,19828,1.47,PKR,2026-05-12
537,45,Medium,9,44630,1.24,PKR,2026-05-12
538,45,Low,10,39594,1.22,PKR,2026-05-12
539,45,Medium,11,5785,0.88,PKR,2026-05-12
540,45,High,12,32865,1.04,PKR,2026-05-12
541,46,Low,1,44369,1.49,PKR,2026-05-12
542,46,High,2,7640,1.09,PKR,2026-05-12
543,46,Low,3,34617,1.2,PKR,2026-05-12
544,46,Medium,4,40971,0.91,PKR,2026-05-12
545,46,Medium,5,47376,0.82,PKR,2026-05-12
546,46,High,6,35748,1.06,PKR,2026-05-12
547,46,Medium,7,11947,1.39,PKR,2026-05-12
548,46,Low,8,48269,1.1,PKR,2026-05-12
549,46,Medium,9,6604,1.0,PKR,2026-05-12
550,46,Low,10,16594,1.38,PKR,2026-05-12
551,46,High,11,41709,1.1,PKR,2026-05-12
552,46,High,12,30233,1.45,PKR,2026-05-12
553,47,Medium,1,47128,1.43,PKR,2026-05-12
554,47,High,2,48415,1.45,PKR,2026-05-12
555,47,Medium,3,31306,1.09,PKR,2026-05-12
556,47,High,4,43052,1.38,PKR,2026-05-12
557,47,Low,5,11954,1.15,PKR,2026-05-12
558,47,Medium,6,44818,1.05,PKR,2026-05-12
559,47,Medium,7,47150,0.89,PKR,2026-05-12
560,47,High,8,9753,0.89,PKR,2026-05-12
561,47,High,9,30564,0.97,PKR,2026-05-12
562,47,Medium,10,5121,1.44,PKR,2026-05-12
563,47,Medium,11,39837,1.29,PKR,2026-05-12
564,47,Low,12,6962,0.96,PKR,2026-05-12
565,48,Medium,1,11442,0.99,PKR,2026-05-12
566,48,Medium,2,31738,1.3,PKR,2026-05-12
567,48,Low,3,10555,1.47,PKR,2026-05-12
568,48,Medium,4,20213,1.07,PKR,2026-05-12
569,48,Medium,5,6489,0.89,PKR,2026-05-12
570,48,Medium,6,20982,1.23,PKR,2026-05-12
571,48,High,7,17552,1.46,PKR,2026-05-12
572,48,High,8,16058,1.08,PKR,2026-05-12
573,48,Low,9,15556,1.44,PKR,2026-05-12
574,48,Medium,10,24225,1.12,PKR,2026-05-12
575,48,Low,11,40132,1.37,PKR,2026-05-12
576,48,Low,12,6117,1.43,PKR,2026-05-12
577,49,Low,1,37805,1.26,PKR,2026-05-12
578,49,High,2,25103,1.14,PKR,2026-05-12
579,49,High,3,15440,1.23,PKR,2026-05-12
580,49,Medium,4,49023,0.88,PKR,2026-05-12
581,49,Medium,5,13739,0.87,PKR,2026-05-12
582,49,Medium,6,9368,1.18,PKR,2026-05-12
583,49,Medium,7,46899,1.15,PKR,2026-05-12
584,49,Low,8,14522,1.1,PKR,2026-05-12
585,49,Low,9,26433,1.31,PKR,2026-05-12
586,49,Low,10,29575,1.0,PKR,2026-05-12
587,49,High,11,9729,1.28,PKR,2026-05-12
588,49,High,12,45975,0.83,PKR,2026-05-12
589,50,Medium,1,27381,1.45,PKR,2026-05-12
590,50,High,2,9174,1.21,PKR,2026-05-12
591,50,High,3,44175,1.14,PKR,2026-05-12
592,50,Low,4,33293,1.33,PKR,2026-05-12
593,50,Low,5,5174,1.33,PKR,2026-05-12
594,50,Low,6,30966,1.26,PKR,2026-05-12
595,50,Medium,7,11986,0.97,PKR,2026-05-12
596,50,Low,8,28096,1.47,PKR,2026-05-12
597,50,Medium,9,14280,0.93,PKR,2026-05-12
598,50,High,10,49362,0.94,PKR,2026-05-12
599,50,High,11,25609,0.96,PKR,2026-05-12
600,50,Medium,12,11712,1.16,PKR,2026-05-12
601,51,Low,1,32565,1.03,PKR,2026-05-12
602,51,Low,2,10751,0.83,PKR,2026-05-12
603,51,High,3,25740,1.29,PKR,2026-05-12
604,51,High,4,7656,1.36,PKR,2026-05-12
605,51,Low,5,31418,0.99,PKR,2026-05-12
606,51,High,6,20096,1.16,PKR,2026-05-12
607,51,Medium,7,49251,1.04,PKR,2026-05-12
608,51,Low,8,8460,1.29,PKR,2026-05-12
609,51,High,9,42052,1.21,PKR,2026-05-12
610,51,Low,10,27446,0.89,PKR,2026-05-12
611,51,Medium,11,22048,1.29,PKR,2026-05-12
612,51,Medium,12,34100,0.84,PKR,2026-05-12
613,52,Low,1,8065,1.05,PKR,2026-05-12
614,52,High,2,32694,1.0,PKR,2026-05-12
615,52,Medium,3,20406,1.14,PKR,2026-05-12
616,52,Medium,4,12700,1.03,PKR,2026-05-12
617,52,High,5,7345,1.42,PKR,2026-05-12
618,52,Medium,6,18170,1.05,PKR,2026-05-12
619,52,Medium,7,32296,0.93,PKR,2026-05-12
620,52,Low,8,36943,0.8,PKR,2026-05-12
621,52,High,9,24830,0.99,PKR,2026-05-12
622,52,Medium,10,44854,1.43,PKR,2026-05-12
623,52,High,11,36613,0.95,PKR,2026-05-12
624,52,Low,12,11887,0.96,PKR,2026-05-12
625,53,Low,1,17452,1.43,PKR,2026-05-12
626,53,Medium,2,43475,1.12,PKR,2026-05-12
627,53,High,3,39317,1.14,PKR,2026-05-12
628,53,Medium,4,11902,1.17,PKR,2026-05-12
629,53,Medium,5,24464,1.04,PKR,2026-05-12
630,53,Low,6,35651,1.48,PKR,2026-05-12
631,53,High,7,24220,1.09,PKR,2026-05-12
632,53,Medium,8,47094,1.23,PKR,2026-05-12
633,53,High,9,7717,1.22,PKR,2026-05-12
634,53,Medium,10,32167,1.26,PKR,2026-05-12
635,53,Medium,11,41147,1.36,PKR,2026-05-12
636,53,Medium,12,39337,1.26,PKR,2026-05-12
637,54,Low,1,8504,0.81,PKR,2026-05-12
638,54,Medium,2,5913,1.14,PKR,2026-05-12
639,54,Medium,3,26585,1.39,PKR,2026-05-12
640,54,Medium,4,34052,0.89,PKR,2026-05-12
641,54,Medium,5,42630,0.91,PKR,2026-05-12
642,54,Medium,6,45948,1.33,PKR,2026-05-12
643,54,Low,7,26073,1.39,PKR,2026-05-12
644,54,Low,8,44919,1.16,PKR,2026-05-12
645,54,Low,9,13474,1.1,PKR,2026-05-12
646,54,Low,10,36608,1.01,PKR,2026-05-12
647,54,Low,11,37421,1.34,PKR,2026-05-12
648,54,Medium,12,24163,0.86,PKR,2026-05-12
649,55,Medium,1,36657,1.04,PKR,2026-05-12
650,55,High,2,16547,1.5,PKR,2026-05-12
651,55,Medium,3,42110,1.09,PKR,2026-05-12
652,55,High,4,47786,0.89,PKR,2026-05-12
653,55,Low,5,33651,1.49,PKR,2026-05-12
654,55,High,6,43227,0.89,PKR,2026-05-12
655,55,Medium,7,8518,1.07,PKR,2026-05-12
656,55,Low,8,34396,0.98,PKR,2026-05-12
657,55,High,9,19399,1.41,PKR,2026-05-12
658,55,Medium,10,24954,1.44,PKR,2026-05-12
659,55,Low,11,16416,0.94,PKR,2026-05-12
660,55,High,12,38158,1.44,PKR,2026-05-12
661,56,Medium,1,20936,1.01,PKR,2026-05-12
662,56,High,2,22341,1.35,PKR,2026-05-12
663,56,Medium,3,10596,0.82,PKR,2026-05-12
664,56,High,4,35386,0.97,PKR,2026-05-12
665,56,Medium,5,7889,1.26,PKR,2026-05-12
666,56,High,6,44983,1.15,PKR,2026-05-12
667,56,Medium,7,28002,1.47,PKR,2026-05-12
668,56,Medium,8,13741,0.99,PKR,2026-05-12
669,56,Medium,9,46718,1.2,PKR,2026-05-12
670,56,Medium,10,29686,1.27,PKR,2026-05-12
671,56,High,11,39488,1.15,PKR,2026-05-12
672,56,Low,12,18795,0.83,PKR,2026-05-12
673,57,Medium,1,48120,1.26,PKR,2026-05-12
674,57,Medium,2,42038,1.34,PKR,2026-05-12
675,57,High,3,29512,0.99,PKR,2026-05-12
676,57,High,4,27781,1.38,PKR,2026-05-12
677,57,High,5,8871,1.09,PKR,2026-05-12
678,57,High,6,14414,1.37,PKR,2026-05-12
679,57,Low,7,30516,1.33,PKR,2026-05-12
680,57,Medium,8,25300,0.91,PKR,2026-05-12
681,57,Low,9,42574,1.5,PKR,2026-05-12
682,57,Low,10,25059,1.42,PKR,2026-05-12
683,57,High,11,36430,1.39,PKR,2026-05-12
684,57,High,12,44467,0.87,PKR,2026-05-12
685,58,Medium,1,17406,0.8,PKR,2026-05-12
686,58,Low,2,29192,1.23,PKR,2026-05-12
687,58,Medium,3,20733,0.95,PKR,2026-05-12
688,58,Medium,4,20593,1.43,PKR,2026-05-12
689,58,Low,5,39434,1.34,PKR,2026-05-12
690,58,Medium,6,26383,0.83,PKR,2026-05-12
691,58,Medium,7,10714,0.85,PKR,2026-05-12
692,58,Low,8,12522,0.95,PKR,2026-05-12
693,58,Medium,9,48078,1.37,PKR,2026-05-12
694,58,Low,10,13368,1.46,PKR,2026-05-12
695,58,Low,11,14504,0.81,PKR,2026-05-12
696,58,High,12,25383,0.88,PKR,2026-05-12
697,59,Medium,1,16609,0.82,PKR,2026-05-12
698,59,Low,2,10282,1.35,PKR,2026-05-12
699,59,Low,3,26531,1.16,PKR,2026-05-12
700,59,High,4,20983,0.82,PKR,2026-05-12
701,59,Low,5,25744,0.95,PKR,2026-05-12
702,59,Low,6,29976,0.88,PKR,2026-05-12
703,59,Medium,7,28684,0.82,PKR,2026-05-12
704,59,High,8,28769,1.43,PKR,2026-05-12
705,59,High,9,21328,1.23,PKR,2026-05-12
706,59,Low,10,13565,0.81,PKR,2026-05-12
707,59,Medium,11,24865,1.26,PKR,2026-05-12
708,59,High,12,20084,1.12,PKR,2026-05-12
709,60,Medium,1,39825,0.9,PKR,2026-05-12
710,60,Medium,2,40600,1.45,PKR,2026-05-12
711,60,Medium,3,42386,1.38,PKR,2026-05-12
712,60,High,4,38709,1.34,PKR,2026-05-12
713,60,High,5,42136,0.89,PKR,2026-05-12
714,60,High,6,37671,1.04,PKR,2026-05-12
715,60,Medium,7,48348,1.22,PKR,2026-05-12
716,60,High,8,7957,1.03,PKR,2026-05-12
717,60,Low,9,37754,1.45,PKR,2026-05-12
718,60,High,10,34484,1.23,PKR,2026-05-12
719,60,Low,11,39674,0.96,PKR,2026-05-12
720,60,High,12,46500,1.09,PKR,2026-05-12
721,61,Low,1,19431,1.4,PKR,2026-05-12
722,61,Medium,2,16028,1.48,PKR,2026-05-12
723,61,High,3,6863,0.9,PKR,2026-05-12
724,61,Medium,4,42980,1.34,PKR,2026-05-12
725,61,High,5,47309,1.39,PKR,2026-05-12
726,61,Medium,6,47030,0.93,PKR,2026-05-12
727,61,High,7,34922,0.85,PKR,2026-05-12
728,61,Low,8,49447,1.26,PKR,2026-05-12
729,61,Medium,9,25649,0.85,PKR,2026-05-12
730,61,Low,10,25102,1.42,PKR,2026-05-12
731,61,High,11,43289,1.21,PKR,2026-05-12
732,61,Medium,12,35600,1.0,PKR,2026-05-12
733,62,High,1,12008,1.16,PKR,2026-05-12
734,62,Medium,2,17645,1.43,PKR,2026-05-12
735,62,Medium,3,14015,0.84,PKR,2026-05-12
736,62,Medium,4,33465,1.19,PKR,2026-05-12
737,62,Low,5,19477,1.13,PKR,2026-05-12
738,62,High,6,29019,0.88,PKR,2026-05-12
739,62,High,7,37925,1.27,PKR,2026-05-12
740,62,Low,8,37759,0.83,PKR,2026-05-12
741,62,High,9,35342,1.04,PKR,2026-05-12
742,62,Medium,10,28135,0.98,PKR,2026-05-12
743,62,Low,11,30464,1.45,PKR,2026-05-12
744,62,High,12,42893,0.87,PKR,2026-05-12
745,63,High,1,10786,0.89,PKR,2026-05-12
746,63,Medium,2,19595,1.1,PKR,2026-05-12
747,63,Medium,3,16403,0.81,PKR,2026-05-12
748,63,Low,4,14921,1.27,PKR,2026-05-12
749,63,Medium,5,44837,1.24,PKR,2026-05-12
750,63,Medium,6,23761,0.89,PKR,2026-05-12
751,63,Low,7,6455,1.47,PKR,2026-05-12
752,63,High,8,6890,0.91,PKR,2026-05-12
753,63,Medium,9,40196,1.42,PKR,2026-05-12
754,63,Medium,10,36635,1.2,PKR,2026-05-12
755,63,High,11,44961,1.46,PKR,2026-05-12
756,63,Low,12,34954,1.12,PKR,2026-05-12
757,64,Low,1,41853,1.31,PKR,2026-05-12
758,64,Low,2,30602,0.96,PKR,2026-05-12
759,64,Low,3,20223,1.46,PKR,2026-05-12
760,64,Low,4,9749,0.89,PKR,2026-05-12
761,64,Medium,5,31071,1.24,PKR,2026-05-12
762,64,High,6,21922,1.48,PKR,2026-05-12
763,64,Medium,7,35426,1.11,PKR,2026-05-12
764,64,High,8,15386,1.35,PKR,2026-05-12
765,64,High,9,15860,1.01,PKR,2026-05-12
766,64,High,10,35393,0.8,PKR,2026-05-12
767,64,Low,11,34702,1.37,PKR,2026-05-12
768,64,Low,12,26347,1.05,PKR,2026-05-12
769,65,High,1,21742,0.89,PKR,2026-05-12
770,65,High,2,35117,1.35,PKR,2026-05-12
771,65,High,3,16187,1.24,PKR,2026-05-12
772,65,High,4,44062,1.29,PKR,2026-05-12
773,65,Low,5,19200,0.86,PKR,2026-05-12
774,65,Medium,6,39132,1.03,PKR,2026-05-12
775,65,High,7,18408,1.05,PKR,2026-05-12
776,65,High,8,42649,1.09,PKR,2026-05-12
777,65,Low,9,18232,1.12,PKR,2026-05-12
778,65,High,10,47291,1.01,PKR,2026-05-12
779,65,High,11,12353,0.95,PKR,2026-05-12
780,65,High,12,30332,0.84,PKR,2026-05-12
781,66,High,1,47267,1.07,PKR,2026-05-12
782,66,High,2,6218,1.14,PKR,2026-05-12
783,66,Low,3,45527,1.31,PKR,2026-05-12
784,66,Medium,4,21665,1.21,PKR,2026-05-12
785,66,High,5,41943,1.44,PKR,2026-05-12
786,66,Low,6,33040,1.05,PKR,2026-05-12
787,66,Medium,7,18514,1.11,PKR,2026-05-12
788,66,High,8,28697,0.81,PKR,2026-05-12
789,66,Medium,9,19098,0.81,PKR,2026-05-12
790,66,High,10,30008,0.95,PKR,2026-05-12
791,66,High,11,16825,0.87,PKR,2026-05-12
792,66,Low,12,16149,1.44,PKR,2026-05-12
793,67,Low,1,26039,1.48,PKR,2026-05-12
794,67,Low,2,45642,1.31,PKR,2026-05-12
795,67,High,3,45653,1.31,PKR,2026-05-12
796,67,Low,4,36379,1.43,PKR,2026-05-12
797,67,Low,5,19360,1.33,PKR,2026-05-12
798,67,Low,6,37038,1.11,PKR,2026-05-12
799,67,Low,7,7118,1.46,PKR,2026-05-12
800,67,High,8,19360,1.14,PKR,2026-05-12
801,67,Medium,9,36957,1.3,PKR,2026-05-12
802,67,High,10,32907,1.23,PKR,2026-05-12
803,67,Medium,11,11363,0.82,PKR,2026-05-12
804,67,Medium,12,27133,1.27,PKR,2026-05-12
805,68,Low,1,32967,1.02,PKR,2026-05-12
806,68,High,2,5111,1.08,PKR,2026-05-12
807,68,Medium,3,13604,1.13,PKR,2026-05-12
808,68,Low,4,29761,1.15,PKR,2026-05-12
809,68,Medium,5,37818,0.98,PKR,2026-05-12
810,68,Low,6,36255,0.81,PKR,2026-05-12
811,68,Low,7,43583,1.14,PKR,2026-05-12
812,68,Medium,8,44093,1.4,PKR,2026-05-12
813,68,Low,9,22272,1.28,PKR,2026-05-12
814,68,Medium,10,45744,1.43,PKR,2026-05-12
815,68,Medium,11,21260,1.06,PKR,2026-05-12
816,68,Medium,12,11549,0.99,PKR,2026-05-12
817,69,Medium,1,38057,1.16,PKR,2026-05-12
818,69,Medium,2,17370,1.37,PKR,2026-05-12
819,69,Medium,3,31159,1.09,PKR,2026-05-12
820,69,Medium,4,15438,0.96,PKR,2026-05-12
821,69,High,5,38033,1.49,PKR,2026-05-12
822,69,Medium,6,24162,1.09,PKR,2026-05-12
823,69,Medium,7,25850,1.38,PKR,2026-05-12
824,69,Low,8,8827,1.46,PKR,2026-05-12
825,69,Medium,9,5816,0.85,PKR,2026-05-12
826,69,High,10,40436,1.43,PKR,2026-05-12
827,69,Low,11,47890,1.24,PKR,2026-05-12
828,69,Low,12,46488,0.97,PKR,2026-05-12
829,70,Low,1,49543,1.09,PKR,2026-05-12
830,70,Low,2,24184,0.86,PKR,2026-05-12
831,70,Medium,3,41961,1.1,PKR,2026-05-12
832,70,High,4,31345,1.1,PKR,2026-05-12
833,70,High,5,25742,1.01,PKR,2026-05-12
834,70,Medium,6,9880,1.02,PKR,2026-05-12
835,70,Low,7,19951,1.45,PKR,2026-05-12
836,70,High,8,45828,0.89,PKR,2026-05-12
837,70,High,9,18242,1.12,PKR,2026-05-12
838,70,Medium,10,18823,0.99,PKR,2026-05-12
839,70,Low,11,13281,1.44,PKR,2026-05-12
840,70,Low,12,46051,0.85,PKR,2026-05-12
841,71,High,1,17348,1.21,PKR,2026-05-12
842,71,Medium,2,25022,0.88,PKR,2026-05-12
843,71,Medium,3,15080,1.29,PKR,2026-05-12
844,71,Medium,4,39045,0.9,PKR,2026-05-12
845,71,Medium,5,37438,0.83,PKR,2026-05-12
846,71,High,6,42931,1.28,PKR,2026-05-12
847,71,High,7,21445,1.23,PKR,2026-05-12
848,71,Low,8,35532,1.18,PKR,2026-05-12
849,71,Low,9,32683,0.89,PKR,2026-05-12
850,71,Medium,10,25036,1.42,PKR,2026-05-12
851,71,Medium,11,31656,0.89,PKR,2026-05-12
852,71,High,12,38841,1.2,PKR,2026-05-12
853,72,Medium,1,12561,1.28,PKR,2026-05-12
854,72,Low,2,36412,1.23,PKR,2026-05-12
855,72,Low,3,12047,1.06,PKR,2026-05-12
856,72,Low,4,42497,0.83,PKR,2026-05-12
857,72,High,5,49889,1.09,PKR,2026-05-12
858,72,Medium,6,9314,1.2,PKR,2026-05-12
859,72,Medium,7,8474,1.46,PKR,2026-05-12
860,72,Low,8,22786,0.82,PKR,2026-05-12
861,72,High,9,49358,0.82,PKR,2026-05-12
862,72,Medium,10,27414,0.94,PKR,2026-05-12
863,72,High,11,17893,0.83,PKR,2026-05-12
864,72,Medium,12,32685,0.89,PKR,2026-05-12
865,73,High,1,16062,1.24,PKR,2026-05-12
866,73,Low,2,31990,0.86,PKR,2026-05-12
867,73,High,3,38234,1.23,PKR,2026-05-12
868,73,High,4,10187,1.39,PKR,2026-05-12
869,73,Medium,5,7651,1.46,PKR,2026-05-12
870,73,High,6,31324,1.02,PKR,2026-05-12
871,73,Low,7,47416,1.13,PKR,2026-05-12
872,73,Low,8,37667,0.99,PKR,2026-05-12
873,73,Medium,9,19965,1.07,PKR,2026-05-12
874,73,Low,10,25501,1.43,PKR,2026-05-12
875,73,Low,11,12539,1.16,PKR,2026-05-12
876,73,High,12,26732,1.02,PKR,2026-05-12
877,74,Low,1,31496,1.49,PKR,2026-05-12
878,74,Low,2,26151,1.15,PKR,2026-05-12
879,74,Low,3,43495,1.01,PKR,2026-05-12
880,74,Low,4,42742,1.36,PKR,2026-05-12
881,74,Medium,5,48159,1.45,PKR,2026-05-12
882,74,High,6,36777,0.96,PKR,2026-05-12
883,74,Low,7,9768,0.87,PKR,2026-05-12
884,74,High,8,10177,0.89,PKR,2026-05-12
885,74,High,9,36883,1.07,PKR,2026-05-12
886,74,Medium,10,48219,1.28,PKR,2026-05-12
887,74,High,11,34698,1.28,PKR,2026-05-12
888,74,Low,12,10080,1.49,PKR,2026-05-12
889,75,Low,1,47626,1.01,PKR,2026-05-12
890,75,High,2,17581,1.47,PKR,2026-05-12
891,75,Medium,3,14811,1.16,PKR,2026-05-12
892,75,Medium,4,33361,1.19,PKR,2026-05-12
893,75,Medium,5,30503,1.32,PKR,2026-05-12
894,75,High,6,10530,1.33,PKR,2026-05-12
895,75,Low,7,10171,1.24,PKR,2026-05-12
896,75,High,8,44361,1.3,PKR,2026-05-12
897,75,Medium,9,33149,1.05,PKR,2026-05-12
898,75,High,10,37968,1.15,PKR,2026-05-12
899,75,Low,11,38819,1.4,PKR,2026-05-12
900,75,High,12,47755,1.42,PKR,2026-05-12
901,76,High,1,13298,0.86,PKR,2026-05-12
902,76,Low,2,14460,1.32,PKR,2026-05-12
903,76,Medium,3,5022,1.4,PKR,2026-05-12
904,76,Medium,4,42563,1.26,PKR,2026-05-12
905,76,Medium,5,27169,0.81,PKR,2026-05-12
906,76,High,6,41526,1.49,PKR,2026-05-12
907,76,Low,7,8530,1.33,PKR,2026-05-12
908,76,Medium,8,48882,1.02,PKR,2026-05-12
909,76,High,9,21857,0.82,PKR,2026-05-12
910,76,High,10,30818,1.04,PKR,2026-05-12
911,76,Medium,11,12404,1.43,PKR,2026-05-12
912,76,High,12,41511,0.99,PKR,2026-05-12
913,77,Low,1,43446,1.45,PKR,2026-05-12
914,77,Medium,2,9053,1.34,PKR,2026-05-12
915,77,Medium,3,41360,1.36,PKR,2026-05-12
916,77,Medium,4,36142,1.07,PKR,2026-05-12
917,77,Medium,5,33426,1.27,PKR,2026-05-12
918,77,Medium,6,39048,1.23,PKR,2026-05-12
919,77,High,7,36723,0.9,PKR,2026-05-12
920,77,Low,8,42622,1.01,PKR,2026-05-12
921,77,Medium,9,29687,0.88,PKR,2026-05-12
922,77,Medium,10,44226,1.14,PKR,2026-05-12
923,77,Medium,11,48613,1.24,PKR,2026-05-12
924,77,Low,12,22915,1.33,PKR,2026-05-12
925,78,Medium,1,23001,1.16,PKR,2026-05-12
926,78,Medium,2,29940,1.46,PKR,2026-05-12
927,78,Low,3,27943,1.06,PKR,2026-05-12
928,78,High,4,16049,0.88,PKR,2026-05-12
929,78,Low,5,25852,1.12,PKR,2026-05-12
930,78,High,6,25359,0.85,PKR,2026-05-12
931,78,High,7,10674,0.96,PKR,2026-05-12
932,78,Medium,8,6036,0.96,PKR,2026-05-12
933,78,Medium,9,31820,1.37,PKR,2026-05-12
934,78,High,10,22426,1.31,PKR,2026-05-12
935,78,Low,11,33680,1.2,PKR,2026-05-12
936,78,Medium,12,8655,1.41,PKR,2026-05-12
937,79,Medium,1,41673,1.45,PKR,2026-05-12
938,79,High,2,7115,1.32,PKR,2026-05-12
939,79,Low,3,16927,1.15,PKR,2026-05-12
940,79,Medium,4,24503,1.05,PKR,2026-05-12
941,79,High,5,8305,1.48,PKR,2026-05-12
942,79,Medium,6,44537,1.47,PKR,2026-05-12
943,79,High,7,38960,1.36,PKR,2026-05-12
944,79,High,8,15088,1.08,PKR,2026-05-12
945,79,Low,9,22937,0.97,PKR,2026-05-12
946,79,Low,10,37879,0.89,PKR,2026-05-12
947,79,Medium,11,39160,1.21,PKR,2026-05-12
948,79,Low,12,10015,1.38,PKR,2026-05-12
949,80,Medium,1,35496,1.06,PKR,2026-05-12
950,80,High,2,17792,1.11,PKR,2026-05-12
951,80,High,3,47500,1.44,PKR,2026-05-12
952,80,Low,4,36088,0.83,PKR,2026-05-12
953,80,Medium,5,45317,1.17,PKR,2026-05-12
954,80,Low,6,33443,1.07,PKR,2026-05-12
955,80,Medium,7,32487,1.45,PKR,2026-05-12
956,80,Medium,8,7710,1.33,PKR,2026-05-12
957,80,Medium,9,37487,1.31,PKR,2026-05-12
958,80,High,10,33288,1.43,PKR,2026-05-12
959,80,High,11,27488,1.13,PKR,2026-05-12
960,80,Low,12,20539,1.36,PKR,2026-05-12
961,81,Medium,1,42717,1.16,PKR,2026-05-12
962,81,Low,2,47734,0.94,PKR,2026-05-12
963,81,High,3,21449,1.42,PKR,2026-05-12
964,81,Low,4,10302,1.13,PKR,2026-05-12
965,81,Low,5,26241,0.93,PKR,2026-05-12
966,81,Low,6,35798,1.12,PKR,2026-05-12
967,81,High,7,41620,1.38,PKR,2026-05-12
968,81,Medium,8,48136,0.86,PKR,2026-05-12
969,81,Low,9,36973,1.48,PKR,2026-05-12
970,81,Medium,10,7444,0.98,PKR,2026-05-12
971,81,Low,11,6350,1.15,PKR,2026-05-12
972,81,High,12,39685,1.17,PKR,2026-05-12
973,82,Medium,1,5608,0.87,PKR,2026-05-12
974,82,Medium,2,44834,0.9,PKR,2026-05-12
975,82,High,3,44543,1.01,PKR,2026-05-12
976,82,High,4,46939,0.86,PKR,2026-05-12
977,82,Low,5,13982,0.95,PKR,2026-05-12
978,82,Medium,6,49146,1.12,PKR,2026-05-12
979,82,High,7,12740,1.02,PKR,2026-05-12
980,82,Medium,8,43794,1.33,PKR,2026-05-12
981,82,Medium,9,45074,1.36,PKR,2026-05-12
982,82,Low,10,22616,1.35,PKR,2026-05-12
983,82,High,11,34638,1.17,PKR,2026-05-12
984,82,Low,12,29029,1.36,PKR,2026-05-12
985,83,High,1,23384,0.97,PKR,2026-05-12
986,83,High,2,42459,1.49,PKR,2026-05-12
987,83,High,3,21546,1.37,PKR,2026-05-12
988,83,High,4,11601,0.97,PKR,2026-05-12
989,83,High,5,26449,1.18,PKR,2026-05-12
990,83,Low,6,34416,1.16,PKR,2026-05-12
991,83,Medium,7,42100,1.5,PKR,2026-05-12
992,83,Low,8,24408,1.11,PKR,2026-05-12
993,83,Low,9,25867,0.82,PKR,2026-05-12
994,83,Low,10,22119,1.4,PKR,2026-05-12
995,83,Low,11,21037,1.18,PKR,2026-05-12
996,83,Low,12,21079,1.14,PKR,2026-05-12
997,84,High,1,42156,0.82,PKR,2026-05-12
998,84,High,2,48964,1.38,PKR,2026-05-12
999,84,High,3,12658,0.93,PKR,2026-05-12
1000,84,High,4,20265,1.4,PKR,2026-05-12
1001,84,High,5,37505,0.86,PKR,2026-05-12
1002,84,Low,6,37697,0.89,PKR,2026-05-12
1003,84,High,7,11128,1.34,PKR,2026-05-12
1004,84,Medium,8,25444,1.42,PKR,2026-05-12
1005,84,Low,9,10444,1.5,PKR,2026-05-12
1006,84,Low,10,8808,1.29,PKR,2026-05-12
1007,84,High,11,24097,1.49,PKR,2026-05-12
1008,84,High,12,43481,1.1,PKR,2026-05-12
1009,85,High,1,30567,1.41,PKR,2026-05-12
1010,85,Low,2,41867,1.16,PKR,2026-05-12
1011,85,Medium,3,31849,1.07,PKR,2026-05-12
1012,85,Medium,4,27284,1.09,PKR,2026-05-12
1013,85,High,5,16691,1.09,PKR,2026-05-12
1014,85,High,6,45135,1.0,PKR,2026-05-12
1015,85,High,7,47573,0.87,PKR,2026-05-12
1016,85,High,8,9332,1.37,PKR,2026-05-12
1017,85,Medium,9,18398,1.19,PKR,2026-05-12
1018,85,Low,10,23660,1.42,PKR,2026-05-12
1019,85,Medium,11,17745,1.2,PKR,2026-05-12
1020,85,Low,12,29961,1.46,PKR,2026-05-12
1021,86,High,1,25581,0.98,PKR,2026-05-12
1022,86,Medium,2,25022,1.04,PKR,2026-05-12
1023,86,Low,3,47337,1.22,PKR,2026-05-12
1024,86,High,4,20317,0.89,PKR,2026-05-12
1025,86,Low,5,10159,1.01,PKR,2026-05-12
1026,86,High,6,33662,1.41,PKR,2026-05-12
1027,86,Low,7,5066,0.82,PKR,2026-05-12
1028,86,Medium,8,13187,0.99,PKR,2026-05-12
1029,86,Medium,9,9304,1.19,PKR,2026-05-12
1030,86,Low,10,39656,1.12,PKR,2026-05-12
1031,86,High,11,22377,0.96,PKR,2026-05-12
1032,86,Low,12,5002,0.99,PKR,2026-05-12
1033,87,High,1,29841,1.02,PKR,2026-05-12
1034,87,Low,2,24224,1.19,PKR,2026-05-12
1035,87,Medium,3,31989,0.9,PKR,2026-05-12
1036,87,Medium,4,47024,0.84,PKR,2026-05-12
1037,87,High,5,26722,0.8,PKR,2026-05-12
1038,87,High,6,9465,1.2,PKR,2026-05-12
1039,87,Medium,7,46006,0.87,PKR,2026-05-12
1040,87,Low,8,9927,0.95,PKR,2026-05-12
1041,87,Low,9,39220,1.03,PKR,2026-05-12
1042,87,High,10,24871,1.24,PKR,2026-05-12
1043,87,High,11,18119,1.18,PKR,2026-05-12
1044,87,Low,12,39369,1.23,PKR,2026-05-12
1045,88,Low,1,8675,1.47,PKR,2026-05-12
1046,88,Low,2,5231,1.16,PKR,2026-05-12
1047,88,High,3,21230,0.82,PKR,2026-05-12
1048,88,Medium,4,23074,0.98,PKR,2026-05-12
1049,88,Low,5,14089,1.15,PKR,2026-05-12
1050,88,Medium,6,46111,1.03,PKR,2026-05-12
1051,88,Low,7,39197,0.95,PKR,2026-05-12
1052,88,Medium,8,24817,1.37,PKR,2026-05-12
1053,88,High,9,22743,1.29,PKR,2026-05-12
1054,88,Low,10,35914,1.39,PKR,2026-05-12
1055,88,High,11,18196,1.44,PKR,2026-05-12
1056,88,High,12,16159,0.96,PKR,2026-05-12
1057,89,Medium,1,22104,0.91,PKR,2026-05-12
1058,89,High,2,32203,0.84,PKR,2026-05-12
1059,89,High,3,18696,0.86,PKR,2026-05-12
1060,89,High,4,42880,0.87,PKR,2026-05-12
1061,89,Medium,5,6580,0.83,PKR,2026-05-12
1062,89,Low,6,9590,1.03,PKR,2026-05-12
1063,89,High,7,8012,1.37,PKR,2026-05-12
1064,89,Medium,8,10301,1.1,PKR,2026-05-12
1065,89,Low,9,40880,1.09,PKR,2026-05-12
1066,89,High,10,29491,0.9,PKR,2026-05-12
1067,89,Medium,11,39872,1.12,PKR,2026-05-12
1068,89,High,12,22328,1.28,PKR,2026-05-12
1069,90,High,1,29737,1.07,PKR,2026-05-12
1070,90,High,2,5056,1.33,PKR,2026-05-12
1071,90,Medium,3,37648,1.07,PKR,2026-05-12
1072,90,Medium,4,35765,0.91,PKR,2026-05-12
1073,90,High,5,47373,0.82,PKR,2026-05-12
1074,90,High,6,8388,1.36,PKR,2026-05-12
1075,90,Medium,7,5571,1.42,PKR,2026-05-12
1076,90,Low,8,24049,1.33,PKR,2026-05-12
1077,90,Medium,9,36230,0.95,PKR,2026-05-12
1078,90,High,10,21599,1.32,PKR,2026-05-12
1079,90,Medium,11,13477,1.02,PKR,2026-05-12
1080,90,Medium,12,37818,1.38,PKR,2026-05-12
1081,91,High,1,42334,1.04,PKR,2026-05-12
1082,91,Medium,2,48677,0.84,PKR,2026-05-12
1083,91,Medium,3,9533,1.2,PKR,2026-05-12
1084,91,Medium,4,21907,1.01,PKR,2026-05-12
1085,91,High,5,24337,1.49,PKR,2026-05-12
1086,91,High,6,38972,0.94,PKR,2026-05-12
1087,91,Low,7,33638,1.09,PKR,2026-05-12
1088,91,High,8,5711,1.18,PKR,2026-05-12
1089,91,High,9,35351,1.21,PKR,2026-05-12
1090,91,High,10,48096,1.45,PKR,2026-05-12
1091,91,High,11,8834,0.92,PKR,2026-05-12
1092,91,Medium,12,44978,1.29,PKR,2026-05-12
1093,92,Medium,1,12733,1.12,PKR,2026-05-12
1094,92,High,2,10827,1.44,PKR,2026-05-12
1095,92,Low,3,32357,0.95,PKR,2026-05-12
1096,92,Low,4,6444,1.04,PKR,2026-05-12
1097,92,High,5,29288,1.22,PKR,2026-05-12
1098,92,High,6,45629,1.0,PKR,2026-05-12
1099,92,Low,7,15634,1.4,PKR,2026-05-12
1100,92,High,8,23046,1.47,PKR,2026-05-12
1101,92,High,9,12830,0.92,PKR,2026-05-12
1102,92,High,10,11735,1.15,PKR,2026-05-12
1103,92,Medium,11,48177,1.1,PKR,2026-05-12
1104,92,High,12,45903,1.13,PKR,2026-05-12
1105,93,Medium,1,16004,1.45,PKR,2026-05-12
1106,93,Medium,2,7150,1.29,PKR,2026-05-12
1107,93,Medium,3,25906,0.91,PKR,2026-05-12
1108,93,Low,4,36435,0.95,PKR,2026-05-12
1109,93,High,5,12892,1.41,PKR,2026-05-12
1110,93,Low,6,36145,0.88,PKR,2026-05-12
1111,93,High,7,5177,1.25,PKR,2026-05-12
1112,93,Medium,8,46513,1.24,PKR,2026-05-12
1113,93,Medium,9,33575,0.92,PKR,2026-05-12
1114,93,Low,10,18749,1.15,PKR,2026-05-12
1115,93,Low,11,36127,1.21,PKR,2026-05-12
1116,93,Medium,12,45691,0.94,PKR,2026-05-12
1117,94,High,1,44441,0.81,PKR,2026-05-12
1118,94,Low,2,42055,1.06,PKR,2026-05-12
1119,94,High,3,31348,1.27,PKR,2026-05-12
1120,94,Medium,4,35973,1.11,PKR,2026-05-12
1121,94,Medium,5,21621,1.47,PKR,2026-05-12
1122,94,Medium,6,27547,1.12,PKR,2026-05-12
1123,94,Medium,7,7454,0.86,PKR,2026-05-12
1124,94,Medium,8,16575,1.09,PKR,2026-05-12
1125,94,Low,9,21469,0.98,PKR,2026-05-12
1126,94,Low,10,35585,1.22,PKR,2026-05-12
1127,94,High,11,47231,1.02,PKR,2026-05-12
1128,94,Low,12,23792,1.09,PKR,2026-05-12
1129,95,High,1,11971,1.02,PKR,2026-05-12
1130,95,Medium,2,41924,0.95,PKR,2026-05-12
1131,95,High,3,12985,1.03,PKR,2026-05-12
1132,95,Low,4,35119,0.97,PKR,2026-05-12
1133,95,Low,5,22733,1.29,PKR,2026-05-12
1134,95,High,6,24231,1.29,PKR,2026-05-12
1135,95,Low,7,43729,1.27,PKR,2026-05-12
1136,95,High,8,28975,1.28,PKR,2026-05-12
1137,95,Medium,9,19259,0.97,PKR,2026-05-12
1138,95,Low,10,24441,0.86,PKR,2026-05-12
1139,95,Low,11,34114,1.26,PKR,2026-05-12
1140,95,High,12,7006,1.42,PKR,2026-05-12
1141,96,High,1,14033,1.18,PKR,2026-05-12
1142,96,Low,2,36904,1.18,PKR,2026-05-12
1143,96,Medium,3,8197,0.83,PKR,2026-05-12
1144,96,High,4,47024,0.93,PKR,2026-05-12
1145,96,High,5,35084,1.4,PKR,2026-05-12
1146,96,Medium,6,38466,0.84,PKR,2026-05-12
1147,96,Low,7,29712,1.13,PKR,2026-05-12
1148,96,High,8,39972,0.88,PKR,2026-05-12
1149,96,Low,9,9948,1.05,PKR,2026-05-12
1150,96,High,10,22922,1.49,PKR,2026-05-12
1151,96,Low,11,46561,1.03,PKR,2026-05-12
1152,96,High,12,11978,0.91,PKR,2026-05-12
1153,97,Low,1,43971,1.48,PKR,2026-05-12
1154,97,Low,2,22772,1.49,PKR,2026-05-12
1155,97,Low,3,22841,0.8,PKR,2026-05-12
1156,97,High,4,31029,0.84,PKR,2026-05-12
1157,97,Medium,5,41054,1.35,PKR,2026-05-12
1158,97,Low,6,30356,1.39,PKR,2026-05-12
1159,97,Medium,7,40018,1.12,PKR,2026-05-12
1160,97,Medium,8,47028,1.0,PKR,2026-05-12
1161,97,Medium,9,41256,0.89,PKR,2026-05-12
1162,97,Low,10,30146,0.81,PKR,2026-05-12
1163,97,High,11,35317,1.0,PKR,2026-05-12
1164,97,High,12,43810,1.11,PKR,2026-05-12
1165,98,Medium,1,30346,1.35,PKR,2026-05-12
1166,98,Medium,2,16539,1.18,PKR,2026-05-12
1167,98,High,3,37969,0.81,PKR,2026-05-12
1168,98,Medium,4,7864,1.15,PKR,2026-05-12
1169,98,Medium,5,10412,0.85,PKR,2026-05-12
1170,98,Medium,6,44195,1.05,PKR,2026-05-12
1171,98,Medium,7,16916,1.45,PKR,2026-05-12
1172,98,High,8,48017,1.33,PKR,2026-05-12
1173,98,High,9,27678,1.09,PKR,2026-05-12
1174,98,Medium,10,26947,1.2,PKR,2026-05-12
1175,98,Medium,11,34921,1.39,PKR,2026-05-12
1176,98,High,12,36658,1.27,PKR,2026-05-12
1177,99,Low,1,35163,0.82,PKR,2026-05-12
1178,99,High,2,9412,1.49,PKR,2026-05-12
1179,99,Low,3,5657,0.87,PKR,2026-05-12
1180,99,Low,4,22492,0.96,PKR,2026-05-12
1181,99,Low,5,13402,1.14,PKR,2026-05-12
1182,99,High,6,28823,1.44,PKR,2026-05-12
1183,99,Medium,7,35731,1.43,PKR,2026-05-12
1184,99,Medium,8,16105,1.05,PKR,2026-05-12
1185,99,Low,9,6951,1.33,PKR,2026-05-12
1186,99,Low,10,46047,1.47,PKR,2026-05-12
1187,99,Low,11,32870,1.02,PKR,2026-05-12
1188,99,Low,12,40737,1.21,PKR,2026-05-12
1189,100,High,1,41045,1.29,PKR,2026-05-12
1190,100,Medium,2,48677,1.0,PKR,2026-05-12
1191,100,High,3,48027,1.06,PKR,2026-05-12
1192,100,High,4,21047,0.86,PKR,2026-05-12
1193,100,Medium,5,48491,1.12,PKR,2026-05-12
1194,100,High,6,30608,1.26,PKR,2026-05-12
1195,100,Medium,7,17075,1.49,PKR,2026-05-12
1196,100,High,8,6462,0.95,PKR,2026-05-12
1197,100,Low,9,34787,1.02,PKR,2026-05-12
1198,100,High,10,16628,1.02,PKR,2026-05-12
1199,100,High,11,5055,1.15,PKR,2026-05-12
1200,100,High,12,8279,1.03,PKR,2026-05-12
