ReviewID,DestinationID,UserID,Rating,ReviewText
1,199,116,2,Beautiful location!
2,510,181,2,Incredible monument!
3,56,661,3,Breathtaking views!
4,215,446,3,Must visit place!
5,632,825,4,Incredible monument!
6,107,759,1,Highly recommended!
7,181,162,1,Beautiful location!
8,528,119,1,Amazing experience!
9,739,456,5,Loved every moment!
10,334,430,2,Must visit place!
11,236,798,1,Must visit place!
12,234,101,2,Truly unforgettable!
13,891,205,4,Amazing experience!
14,76,483,5,Beautiful location!
15,56,912,4,A historical wonder
16,222,951,5,Beautiful location!
17,183,397,3,A historical wonder
18,469,738,2,Must visit place!
19,999,277,2,Must visit place!
20,131,33,5,Incredible monument!
21,288,140,1,Beautiful location!
22,470,429,2,Must visit place!
23,226,908,3,Loved every moment!
24,161,809,5,A historical wonder
25,592,994,5,Amazing experience!
26,89,422,5,Beautiful location!
27,883,222,5,Beautiful location!
28,858,474,3,Incredible monument!
29,748,439,2,Amazing experience!
30,336,445,5,Amazing experience!
31,914,950,5,A historical wonder
32,936,588,1,Truly unforgettable!
33,46,42,4,Highly recommended!
34,35,436,5,Truly unforgettable!
35,491,830,1,Beautiful location!
36,508,247,1,Highly recommended!
37,772,13,4,Amazing experience!
38,136,368,3,Amazing experience!
39,664,93,1,Beautiful location!
40,686,313,2,Beautiful location!
41,879,585,5,Incredible monument!
42,1000,466,4,A historical wonder
43,896,721,4,A historical wonder
44,809,893,3,Beautiful location!
45,721,649,1,Loved the scenery!
46,395,915,3,Highly recommended!
47,34,304,4,Breathtaking views!
48,715,969,5,Highly recommended!
49,590,814,2,Loved the scenery!
50,636,902,3,Incredible monument!
51,528,969,3,Incredible monument!
52,114,393,3,Beautiful location!
53,634,42,3,Must visit place!
54,180,664,5,Loved the scenery!
55,575,727,2,A historical wonder
56,343,245,5,Loved the scenery!
57,665,490,5,Amazing experience!
58,772,763,2,Must visit place!
59,362,920,3,Highly recommended!
60,697,434,3,Incredible monument!
61,65,382,3,Beautiful location!
62,498,514,5,Loved the scenery!
63,482,727,5,Highly recommended!
64,922,300,4,Loved every moment!
65,377,820,1,Amazing experience!
66,914,906,4,Loved the scenery!
67,83,401,2,Breathtaking views!
68,982,980,1,Loved the scenery!
69,169,283,1,A historical wonder
70,509,155,2,Highly recommended!
71,975,643,1,Breathtaking views!
72,427,993,5,A historical wonder
73,486,356,4,Beautiful location!
74,756,661,1,Breathtaking views!
75,194,65,1,Amazing experience!
76,855,971,5,Must visit place!
77,422,593,3,Must visit place!
78,498,608,5,Highly recommended!
79,456,469,3,Loved every moment!
80,136,920,3,A historical wonder
81,809,267,2,Beautiful location!
82,381,995,3,Incredible monument!
83,152,362,3,Beautiful location!
84,980,171,5,A historical wonder
85,729,549,3,A historical wonder
86,997,180,2,A historical wonder
87,244,120,1,Must visit place!
88,589,130,4,Breathtaking views!
89,379,189,2,Highly recommended!
90,725,36,3,Must visit place!
91,152,382,4,Highly recommended!
92,999,167,5,Breathtaking views!
93,125,943,1,Truly unforgettable!
94,954,512,2,Beautiful location!
95,951,328,2,Incredible monument!
96,994,757,5,Highly recommended!
97,340,663,3,Beautiful location!
98,918,297,5,A historical wonder
99,819,579,4,Must visit place!
100,706,116,4,Incredible monument!
101,143,695,5,Loved the scenery!
102,316,26,4,Loved every moment!
103,862,226,4,Must visit place!
104,95,335,1,Loved every moment!
105,657,200,5,Highly recommended!
106,228,801,3,Amazing experience!
107,24,86,5,Beautiful location!
108,694,688,1,Highly recommended!
109,404,200,4,Must visit place!
110,618,620,5,Incredible monument!
111,931,683,3,Truly unforgettable!
112,152,734,4,Must visit place!
113,396,382,1,Breathtaking views!
114,354,360,3,Beautiful location!
115,896,575,1,Amazing experience!
116,746,910,4,Truly unforgettable!
117,823,454,3,A historical wonder
118,826,746,4,Truly unforgettable!
119,143,856,5,Loved every moment!
120,89,148,2,Breathtaking views!
121,487,889,5,Must visit place!
122,68,956,5,Truly unforgettable!
123,91,7,4,Breathtaking views!
124,425,180,5,Beautiful location!
125,728,582,2,Amazing experience!
126,191,853,4,Breathtaking views!
127,568,503,1,Breathtaking views!
128,855,600,3,Beautiful location!
129,573,758,4,Amazing experience!
130,28,811,1,A historical wonder
131,269,308,4,Loved the scenery!
132,670,682,3,Truly unforgettable!
133,184,504,2,Incredible monument!
134,123,784,3,Beautiful location!
135,994,69,5,Must visit place!
136,596,493,5,Truly unforgettable!
137,890,265,4,Loved the scenery!
138,383,525,5,Incredible monument!
139,866,266,2,Loved every moment!
140,60,150,3,Beautiful location!
141,900,710,2,Must visit place!
142,168,55,3,Must visit place!
143,430,652,3,Incredible monument!
144,297,299,5,Loved the scenery!
145,527,199,2,Loved the scenery!
146,614,771,2,Highly recommended!
147,331,894,3,Breathtaking views!
148,278,702,3,Loved the scenery!
149,548,594,3,A historical wonder
150,14,141,5,Breathtaking views!
151,382,798,4,Truly unforgettable!
152,349,944,2,Loved the scenery!
153,224,159,5,Amazing experience!
154,852,193,5,Loved every moment!
155,707,852,5,Highly recommended!
156,730,565,1,Truly unforgettable!
157,472,939,1,Loved the scenery!
158,839,135,1,Beautiful location!
159,357,320,3,A historical wonder
160,837,453,5,Highly recommended!
161,782,994,3,A historical wonder
162,727,312,1,Loved the scenery!
163,228,132,2,Amazing experience!
164,315,129,2,A historical wonder
165,81,436,1,Loved the scenery!
166,20,794,4,Truly unforgettable!
167,44,202,1,Incredible monument!
168,813,676,5,Loved every moment!
169,61,481,1,Breathtaking views!
170,45,68,3,Incredible monument!
171,773,99,1,Loved every moment!
172,211,602,2,A historical wonder
173,687,360,1,Loved the scenery!
174,150,867,3,Loved every moment!
175,357,361,2,Highly recommended!
176,800,747,5,Amazing experience!
177,518,584,1,Loved the scenery!
178,840,593,1,Highly recommended!
179,223,733,2,Breathtaking views!
180,176,924,5,Incredible monument!
181,997,743,1,Amazing experience!
182,943,517,4,Must visit place!
183,715,604,2,Beautiful location!
184,690,981,1,A historical wonder
185,855,364,4,Truly unforgettable!
186,220,527,2,Truly unforgettable!
187,116,780,3,Loved the scenery!
188,478,113,5,A historical wonder
189,508,781,3,Breathtaking views!
190,571,740,1,Loved the scenery!
191,336,506,1,Truly unforgettable!
192,291,468,5,Breathtaking views!
193,704,862,4,Amazing experience!
194,568,418,3,Truly unforgettable!
195,194,878,1,Beautiful location!
196,962,696,3,A historical wonder
197,14,691,4,Loved the scenery!
198,406,449,5,Loved the scenery!
199,123,147,4,Truly unforgettable!
200,712,605,1,A historical wonder
201,67,373,2,Must visit place!
202,206,610,4,Loved the scenery!
203,239,859,4,Beautiful location!
204,286,784,5,Loved every moment!
205,280,775,4,Must visit place!
206,488,683,5,Truly unforgettable!
207,497,524,3,A historical wonder
208,787,466,1,Loved the scenery!
209,257,502,4,Amazing experience!
210,644,966,2,Incredible monument!
211,102,756,1,Loved the scenery!
212,511,695,1,A historical wonder
213,392,620,3,A historical wonder
214,311,637,5,Loved the scenery!
215,779,79,5,Beautiful location!
216,812,478,2,Breathtaking views!
217,678,510,4,Highly recommended!
218,268,556,3,Highly recommended!
219,560,19,1,Truly unforgettable!
220,902,937,1,Truly unforgettable!
221,461,323,4,Beautiful location!
222,471,37,1,A historical wonder
223,571,676,3,A historical wonder
224,504,442,2,Breathtaking views!
225,733,399,4,Loved the scenery!
226,583,692,4,Highly recommended!
227,702,553,5,Beautiful location!
228,488,576,2,Highly recommended!
229,58,401,3,Beautiful location!
230,606,995,4,Loved every moment!
231,693,362,3,Must visit place!
232,63,29,5,Incredible monument!
233,132,858,3,Must visit place!
234,829,760,5,Incredible monument!
235,784,913,3,Truly unforgettable!
236,100,439,3,Must visit place!
237,422,360,1,Amazing experience!
238,254,241,3,Loved every moment!
239,87,933,1,Breathtaking views!
240,118,346,2,Incredible monument!
241,552,334,1,Beautiful location!
242,674,885,4,Loved every moment!
243,528,924,4,Breathtaking views!
244,21,713,4,Loved every moment!
245,23,325,4,Loved every moment!
246,400,331,5,Loved the scenery!
247,828,501,1,Amazing experience!
248,345,509,5,Must visit place!
249,171,630,3,Must visit place!
250,993,447,2,Beautiful location!
251,651,868,1,Highly recommended!
252,220,295,3,Incredible monument!
253,305,588,4,Amazing experience!
254,640,761,1,Loved every moment!
255,98,607,3,Breathtaking views!
256,69,581,5,Beautiful location!
257,438,215,3,Loved the scenery!
258,668,844,3,Highly recommended!
259,824,308,4,Highly recommended!
260,321,205,4,Truly unforgettable!
261,258,640,5,Beautiful location!
262,688,782,5,A historical wonder
263,903,20,5,A historical wonder
264,591,512,2,Beautiful location!
265,275,960,5,Loved every moment!
266,874,788,4,Loved every moment!
267,745,642,1,Highly recommended!
268,206,374,4,A historical wonder
269,247,155,3,Truly unforgettable!
270,421,327,1,Amazing experience!
271,867,423,3,Breathtaking views!
272,662,165,3,Loved every moment!
273,242,416,2,Loved the scenery!
274,154,197,1,Amazing experience!
275,817,848,3,Beautiful location!
276,498,574,4,Truly unforgettable!
277,663,928,1,Amazing experience!
278,164,280,2,Incredible monument!
279,265,809,3,Highly recommended!
280,181,660,1,Beautiful location!
281,802,21,1,Loved the scenery!
282,322,617,3,Loved the scenery!
283,923,979,4,Must visit place!
284,688,674,1,Truly unforgettable!
285,966,860,2,Amazing experience!
286,115,585,5,Loved the scenery!
287,535,681,5,Highly recommended!
288,258,509,1,Amazing experience!
289,615,126,3,Must visit place!
290,853,599,4,Amazing experience!
291,958,434,2,A historical wonder
292,110,180,2,Breathtaking views!
293,451,419,3,Loved every moment!
294,58,503,5,Must visit place!
295,717,972,1,Must visit place!
296,559,434,4,Amazing experience!
297,987,285,2,Must visit place!
298,487,733,3,Breathtaking views!
299,22,661,5,Incredible monument!
300,862,758,1,Amazing experience!
301,260,566,4,Breathtaking views!
302,655,982,3,Loved the scenery!
303,548,888,2,Beautiful location!
304,398,9,4,Breathtaking views!
305,309,93,2,Breathtaking views!
306,216,881,2,Beautiful location!
307,647,325,4,Incredible monument!
308,281,888,1,Beautiful location!
309,483,755,4,Must visit place!
310,735,433,1,A historical wonder
311,716,268,5,Loved the scenery!
312,361,431,5,Highly recommended!
313,756,335,4,Incredible monument!
314,781,54,2,Beautiful location!
315,811,657,2,Incredible monument!
316,411,205,3,Must visit place!
317,590,85,1,A historical wonder
318,256,529,2,Loved every moment!
319,703,421,3,Beautiful location!
320,490,895,2,Breathtaking views!
321,178,704,5,Must visit place!
322,819,289,2,Loved the scenery!
323,425,377,2,Truly unforgettable!
324,898,387,5,Amazing experience!
325,22,971,1,Highly recommended!
326,663,627,2,Loved the scenery!
327,998,474,2,Breathtaking views!
328,719,873,2,Incredible monument!
329,411,633,4,Loved every moment!
330,267,153,1,Must visit place!
331,175,970,5,Loved the scenery!
332,15,736,5,Truly unforgettable!
333,792,943,4,Beautiful location!
334,122,230,2,Amazing experience!
335,969,883,3,Breathtaking views!
336,765,507,4,A historical wonder
337,442,877,2,Loved every moment!
338,221,844,3,Amazing experience!
339,429,185,4,A historical wonder
340,30,298,3,Amazing experience!
341,633,462,2,Must visit place!
342,597,701,4,Loved the scenery!
343,11,481,2,Must visit place!
344,998,710,4,Amazing experience!
345,731,393,4,Loved every moment!
346,263,75,1,Highly recommended!
347,61,54,3,Amazing experience!
348,483,931,3,Loved every moment!
349,962,687,5,Incredible monument!
350,6,260,5,Loved every moment!
351,391,310,4,Must visit place!
352,136,992,5,Incredible monument!
353,595,184,3,A historical wonder
354,516,505,3,Beautiful location!
355,136,92,3,Highly recommended!
356,444,146,3,Loved the scenery!
357,321,46,2,Beautiful location!
358,893,997,3,Must visit place!
359,949,441,3,Breathtaking views!
360,628,850,3,Highly recommended!
361,321,447,2,Must visit place!
362,755,504,2,Highly recommended!
363,874,946,4,Incredible monument!
364,194,153,1,Amazing experience!
365,188,37,4,Breathtaking views!
366,168,723,4,Truly unforgettable!
367,119,917,4,Incredible monument!
368,453,366,5,Beautiful location!
369,469,505,1,A historical wonder
370,127,358,1,Amazing experience!
371,890,291,2,A historical wonder
372,768,521,3,Loved every moment!
373,913,680,5,Amazing experience!
374,598,995,1,Highly recommended!
375,786,585,2,Truly unforgettable!
376,943,79,2,Beautiful location!
377,694,97,3,Incredible monument!
378,292,698,1,Truly unforgettable!
379,383,605,1,Must visit place!
380,158,30,1,Beautiful location!
381,851,725,4,Beautiful location!
382,644,979,3,Loved every moment!
383,674,6,3,Incredible monument!
384,672,638,4,Must visit place!
385,971,750,5,A historical wonder
386,217,884,1,Breathtaking views!
387,331,818,1,Loved the scenery!
388,561,975,5,Truly unforgettable!
389,95,409,3,A historical wonder
390,246,989,4,Loved the scenery!
391,22,873,2,A historical wonder
392,398,799,4,Breathtaking views!
393,663,771,2,Loved the scenery!
394,306,503,4,Breathtaking views!
395,926,702,5,A historical wonder
396,368,682,1,Must visit place!
397,525,205,4,Beautiful location!
398,907,398,4,Breathtaking views!
399,577,615,4,Loved the scenery!
400,775,433,3,Loved every moment!
401,191,445,4,Loved the scenery!
402,42,526,3,Beautiful location!
403,693,230,2,Beautiful location!
404,540,645,5,Loved the scenery!
405,298,480,4,Loved the scenery!
406,929,821,4,Breathtaking views!
407,153,131,3,Amazing experience!
408,536,438,3,Loved every moment!
409,49,565,1,Incredible monument!
410,526,111,5,Truly unforgettable!
411,423,97,4,Loved every moment!
412,833,260,3,Breathtaking views!
413,600,84,5,Incredible monument!
414,117,759,4,A historical wonder
415,806,187,4,Incredible monument!
416,86,427,3,Must visit place!
417,602,742,4,Beautiful location!
418,639,828,3,Must visit place!
419,990,941,2,Amazing experience!
420,190,81,5,Breathtaking views!
421,893,690,1,Truly unforgettable!
422,548,19,1,Truly unforgettable!
423,120,14,2,Beautiful location!
424,472,709,4,Loved every moment!
425,744,499,3,Loved every moment!
426,833,998,5,Must visit place!
427,708,690,4,Breathtaking views!
428,90,129,2,Incredible monument!
429,196,115,1,Amazing experience!
430,880,28,2,Beautiful location!
431,665,149,2,Truly unforgettable!
432,863,642,5,Amazing experience!
433,89,309,4,A historical wonder
434,486,433,1,Loved the scenery!
435,171,925,2,Beautiful location!
436,987,497,4,Incredible monument!
437,881,461,5,Amazing experience!
438,207,302,5,Truly unforgettable!
439,53,342,1,Loved the scenery!
440,646,868,4,Truly unforgettable!
441,869,508,5,Loved every moment!
442,749,568,3,Incredible monument!
443,500,410,4,Highly recommended!
444,606,743,5,Beautiful location!
445,238,732,1,Highly recommended!
446,20,433,5,Must visit place!
447,567,66,3,Truly unforgettable!
448,911,485,1,Beautiful location!
449,638,962,3,Beautiful location!
450,715,447,1,A historical wonder
451,295,744,2,Beautiful location!
452,353,449,2,Highly recommended!
453,225,602,3,Loved every moment!
454,874,863,4,A historical wonder
455,905,301,4,Truly unforgettable!
456,854,964,3,Beautiful location!
457,819,995,2,Loved every moment!
458,213,290,1,Beautiful location!
459,133,178,2,A historical wonder
460,621,504,1,Truly unforgettable!
461,966,506,3,Amazing experience!
462,215,571,1,Incredible monument!
463,368,903,3,Must visit place!
464,694,163,2,Highly recommended!
465,33,827,1,Must visit place!
466,441,117,5,Amazing experience!
467,124,576,2,Beautiful location!
468,265,349,3,Incredible monument!
469,789,899,5,Breathtaking views!
470,918,155,5,Loved every moment!
471,686,107,1,Beautiful location!
472,819,469,1,Loved the scenery!
473,801,626,5,Loved the scenery!
474,844,576,1,Highly recommended!
475,108,172,1,Amazing experience!
476,933,371,2,Breathtaking views!
477,726,453,5,Beautiful location!
478,751,892,1,A historical wonder
479,663,373,3,A historical wonder
480,126,869,2,Beautiful location!
481,993,426,1,Amazing experience!
482,855,829,4,Must visit place!
483,294,518,2,Loved the scenery!
484,273,382,4,Must visit place!
485,645,681,2,A historical wonder
486,772,772,5,Truly unforgettable!
487,807,234,2,Truly unforgettable!
488,424,941,4,Beautiful location!
489,975,873,5,Must visit place!
490,967,31,4,A historical wonder
491,789,11,5,Loved the scenery!
492,87,347,3,Truly unforgettable!
493,791,169,4,Incredible monument!
494,403,778,1,A historical wonder
495,925,589,1,Highly recommended!
496,997,303,4,Truly unforgettable!
497,908,698,5,Breathtaking views!
498,739,761,3,Must visit place!
499,9,847,3,Highly recommended!
500,626,943,2,Truly unforgettable!
501,457,660,2,Highly recommended!
502,640,808,5,Beautiful location!
503,715,354,4,Amazing experience!
504,903,309,1,Incredible monument!
505,551,343,4,A historical wonder
506,533,554,3,Amazing experience!
507,96,524,5,Breathtaking views!
508,534,349,2,Incredible monument!
509,29,912,5,Loved every moment!
510,265,248,3,Truly unforgettable!
511,518,114,1,Must visit place!
512,266,643,5,Must visit place!
513,127,49,1,Beautiful location!
514,306,587,1,Beautiful location!
515,348,242,5,Loved every moment!
516,732,916,5,Loved every moment!
517,240,359,3,Breathtaking views!
518,683,804,5,A historical wonder
519,732,387,5,Amazing experience!
520,108,336,5,Loved every moment!
521,198,843,3,Beautiful location!
522,101,151,4,Truly unforgettable!
523,84,95,1,Truly unforgettable!
524,910,134,4,Amazing experience!
525,457,80,3,Highly recommended!
526,413,603,5,Highly recommended!
527,798,405,3,Loved every moment!
528,511,652,4,Beautiful location!
529,706,954,4,Truly unforgettable!
530,844,167,2,Highly recommended!
531,131,497,4,A historical wonder
532,992,722,5,Highly recommended!
533,121,712,2,Beautiful location!
534,485,34,2,Highly recommended!
535,379,944,1,Loved every moment!
536,873,419,1,Loved the scenery!
537,379,586,3,Incredible monument!
538,536,157,1,Must visit place!
539,313,384,3,Breathtaking views!
540,498,29,2,A historical wonder
541,803,604,4,Incredible monument!
542,960,916,3,Breathtaking views!
543,221,188,4,Incredible monument!
544,126,561,3,Loved the scenery!
545,892,46,4,Beautiful location!
546,587,318,5,Beautiful location!
547,922,346,4,Beautiful location!
548,855,738,5,A historical wonder
549,781,142,5,Beautiful location!
550,780,461,4,A historical wonder
551,888,746,3,Loved the scenery!
552,820,640,5,Truly unforgettable!
553,397,239,4,Must visit place!
554,554,47,4,Breathtaking views!
555,662,91,2,Incredible monument!
556,586,646,3,Highly recommended!
557,661,127,5,Loved the scenery!
558,198,979,5,Highly recommended!
559,591,776,1,Loved every moment!
560,535,194,4,Highly recommended!
561,919,20,1,Highly recommended!
562,185,986,1,Breathtaking views!
563,806,211,2,Loved every moment!
564,455,87,5,Loved every moment!
565,329,412,5,Incredible monument!
566,504,883,1,Must visit place!
567,448,185,4,Incredible monument!
568,881,541,3,Truly unforgettable!
569,264,94,1,Loved the scenery!
570,555,173,3,A historical wonder
571,188,262,1,A historical wonder
572,315,976,4,A historical wonder
573,61,630,3,A historical wonder
574,28,731,1,Breathtaking views!
575,400,102,3,A historical wonder
576,423,915,3,Breathtaking views!
577,385,965,1,Incredible monument!
578,208,246,5,Loved every moment!
579,243,505,5,Highly recommended!
580,395,973,1,Breathtaking views!
581,63,326,4,Highly recommended!
582,417,68,4,Incredible monument!
583,418,649,2,Incredible monument!
584,276,568,5,Loved the scenery!
585,253,782,5,A historical wonder
586,312,582,4,Beautiful location!
587,86,867,5,Amazing experience!
588,802,992,2,Must visit place!
589,554,173,2,Highly recommended!
590,976,434,5,Beautiful location!
591,43,2,4,Loved every moment!
592,297,669,2,Incredible monument!
593,62,956,4,Breathtaking views!
594,613,257,4,Must visit place!
595,863,648,2,Loved every moment!
596,861,523,3,Incredible monument!
597,166,757,5,Loved every moment!
598,72,308,1,Truly unforgettable!
599,716,126,2,Highly recommended!
600,287,900,4,Amazing experience!
601,626,517,3,Must visit place!
602,651,268,4,Breathtaking views!
603,252,679,3,Must visit place!
604,216,471,5,Must visit place!
605,17,936,2,Incredible monument!
606,624,488,1,Incredible monument!
607,689,178,4,Highly recommended!
608,917,714,4,Truly unforgettable!
609,552,84,1,Highly recommended!
610,32,914,4,Loved the scenery!
611,362,996,4,Loved every moment!
612,367,397,2,Incredible monument!
613,128,474,3,Amazing experience!
614,456,10,2,Incredible monument!
615,777,288,3,Amazing experience!
616,93,836,5,Breathtaking views!
617,828,736,2,Amazing experience!
618,506,991,3,Incredible monument!
619,288,505,5,Amazing experience!
620,8,201,4,Loved the scenery!
621,891,285,5,Highly recommended!
622,506,175,5,Amazing experience!
623,676,757,5,Loved every moment!
624,579,180,1,Loved every moment!
625,132,764,1,A historical wonder
626,266,956,5,Amazing experience!
627,903,536,3,Amazing experience!
628,869,695,1,Highly recommended!
629,630,259,5,Beautiful location!
630,3,961,4,Incredible monument!
631,875,962,3,Truly unforgettable!
632,865,417,3,Loved the scenery!
633,697,531,4,Beautiful location!
634,371,530,1,Amazing experience!
635,49,285,4,Highly recommended!
636,460,324,1,Truly unforgettable!
637,200,343,1,Loved every moment!
638,828,26,2,Truly unforgettable!
639,981,77,2,Amazing experience!
640,169,338,3,Loved the scenery!
641,642,641,1,Incredible monument!
642,492,443,1,Loved every moment!
643,817,642,3,Breathtaking views!
644,254,111,4,Amazing experience!
645,982,349,1,Must visit place!
646,533,814,2,Loved the scenery!
647,795,615,5,Beautiful location!
648,783,98,4,Loved every moment!
649,128,88,1,Incredible monument!
650,387,321,1,A historical wonder
651,64,942,4,Incredible monument!
652,309,626,4,Loved the scenery!
653,105,694,1,Highly recommended!
654,54,302,4,Truly unforgettable!
655,99,633,4,Amazing experience!
656,886,614,5,Incredible monument!
657,465,394,4,Truly unforgettable!
658,902,636,5,Loved the scenery!
659,348,667,1,Beautiful location!
660,530,337,5,Amazing experience!
661,111,106,1,Loved every moment!
662,731,70,5,Amazing experience!
663,927,587,2,Highly recommended!
664,263,364,4,Beautiful location!
665,743,636,4,A historical wonder
666,249,141,1,Incredible monument!
667,131,320,5,Truly unforgettable!
668,526,983,3,Breathtaking views!
669,598,907,5,A historical wonder
670,151,481,3,Loved every moment!
671,352,299,3,Incredible monument!
672,531,601,2,Incredible monument!
673,244,520,5,Incredible monument!
674,433,353,2,Amazing experience!
675,656,931,2,Loved the scenery!
676,350,194,4,Beautiful location!
677,615,710,3,Loved every moment!
678,580,987,3,Loved every moment!
679,307,429,3,A historical wonder
680,108,466,1,Beautiful location!
681,225,943,1,Amazing experience!
682,710,236,4,Loved every moment!
683,219,245,4,Must visit place!
684,827,758,4,Amazing experience!
685,410,189,1,Must visit place!
686,11,76,3,Incredible monument!
687,569,118,2,Breathtaking views!
688,451,200,5,Must visit place!
689,45,999,1,Amazing experience!
690,203,291,2,Amazing experience!
691,907,269,2,Must visit place!
692,868,568,2,A historical wonder
693,201,23,2,Breathtaking views!
694,933,104,1,A historical wonder
695,389,671,1,Must visit place!
696,959,216,3,Beautiful location!
697,246,379,3,A historical wonder
698,964,540,5,Truly unforgettable!
699,900,729,1,Loved the scenery!
700,148,904,2,Amazing experience!
701,197,546,4,Must visit place!
702,326,614,4,Amazing experience!
703,944,48,5,Loved every moment!
704,194,875,5,Breathtaking views!
705,809,153,3,Amazing experience!
706,55,645,3,A historical wonder
707,872,521,5,Beautiful location!
708,215,745,1,Beautiful location!
709,810,680,5,Loved the scenery!
710,172,521,4,Highly recommended!
711,384,511,5,Beautiful location!
712,184,330,3,Highly recommended!
713,712,495,4,Beautiful location!
714,275,596,4,Loved every moment!
715,666,38,2,Amazing experience!
716,917,208,4,Amazing experience!
717,406,224,3,Truly unforgettable!
718,911,387,5,A historical wonder
719,958,863,3,Breathtaking views!
720,564,87,2,Loved the scenery!
721,303,456,5,Must visit place!
722,236,598,1,Beautiful location!
723,525,637,3,Truly unforgettable!
724,462,479,4,Truly unforgettable!
725,377,824,4,Must visit place!
726,280,392,1,A historical wonder
727,453,240,3,Loved the scenery!
728,368,924,1,Breathtaking views!
729,863,514,5,Highly recommended!
730,660,81,3,Amazing experience!
731,101,122,1,Must visit place!
732,40,560,2,Must visit place!
733,202,692,3,Breathtaking views!
734,310,764,3,Amazing experience!
735,723,619,2,Highly recommended!
736,935,268,1,Breathtaking views!
737,289,843,3,Truly unforgettable!
738,969,416,5,Incredible monument!
739,484,670,5,A historical wonder
740,887,408,2,Amazing experience!
741,741,768,2,Beautiful location!
742,240,529,5,Highly recommended!
743,776,480,4,Must visit place!
744,811,88,3,Amazing experience!
745,440,789,4,Amazing experience!
746,450,461,5,Incredible monument!
747,384,143,5,A historical wonder
748,313,966,1,Beautiful location!
749,830,675,3,Must visit place!
750,231,430,4,Truly unforgettable!
751,782,798,5,Breathtaking views!
752,334,602,1,Loved every moment!
753,805,33,2,A historical wonder
754,976,339,5,Loved every moment!
755,936,623,5,Truly unforgettable!
756,391,210,4,Loved the scenery!
757,548,396,2,Beautiful location!
758,112,337,5,Beautiful location!
759,655,917,3,Loved the scenery!
760,176,107,5,A historical wonder
761,33,847,5,Beautiful location!
762,28,192,2,Loved the scenery!
763,934,987,4,Breathtaking views!
764,211,239,3,Highly recommended!
765,72,466,1,Must visit place!
766,531,12,2,Must visit place!
767,881,932,4,Truly unforgettable!
768,161,114,2,Highly recommended!
769,429,490,1,Truly unforgettable!
770,979,926,2,A historical wonder
771,892,211,3,Truly unforgettable!
772,838,727,4,A historical wonder
773,619,589,3,Loved every moment!
774,208,515,4,Breathtaking views!
775,207,8,2,Beautiful location!
776,66,845,4,Loved every moment!
777,827,253,5,Must visit place!
778,933,583,4,Beautiful location!
779,474,590,1,Loved the scenery!
780,295,662,4,Must visit place!
781,718,863,3,Truly unforgettable!
782,628,844,2,Truly unforgettable!
783,256,184,5,Truly unforgettable!
784,469,394,2,Loved every moment!
785,98,403,1,Amazing experience!
786,907,892,2,Breathtaking views!
787,904,644,5,Breathtaking views!
788,683,939,1,Amazing experience!
789,931,506,4,Highly recommended!
790,125,378,1,Loved the scenery!
791,517,785,3,Truly unforgettable!
792,462,169,3,Amazing experience!
793,519,46,4,Incredible monument!
794,75,655,4,Truly unforgettable!
795,352,764,4,Amazing experience!
796,407,39,1,Breathtaking views!
797,118,727,2,Must visit place!
798,687,767,4,Beautiful location!
799,473,70,1,Highly recommended!
800,673,249,4,A historical wonder
801,483,841,3,A historical wonder
802,175,859,1,Loved every moment!
803,103,182,3,Loved the scenery!
804,548,760,4,A historical wonder
805,80,688,1,Breathtaking views!
806,158,452,3,A historical wonder
807,222,732,1,Highly recommended!
808,222,453,1,Highly recommended!
809,657,679,1,Truly unforgettable!
810,707,316,4,Incredible monument!
811,613,5,1,Truly unforgettable!
812,786,207,2,Must visit place!
813,931,245,2,Loved the scenery!
814,17,432,1,Incredible monument!
815,346,841,2,Loved the scenery!
816,226,982,1,A historical wonder
817,742,172,1,Truly unforgettable!
818,525,111,3,Must visit place!
819,576,642,2,Loved every moment!
820,213,957,5,Truly unforgettable!
821,962,439,1,Amazing experience!
822,219,109,3,Must visit place!
823,178,16,4,Must visit place!
824,13,399,2,Beautiful location!
825,226,68,3,Loved every moment!
826,378,45,1,Amazing experience!
827,421,309,5,Beautiful location!
828,105,730,5,Loved every moment!
829,176,258,1,Loved every moment!
830,333,647,4,A historical wonder
831,341,180,3,Beautiful location!
832,70,344,1,Loved every moment!
833,934,600,4,Truly unforgettable!
834,524,656,2,Highly recommended!
835,602,722,1,Amazing experience!
836,22,632,1,Breathtaking views!
837,243,756,4,Amazing experience!
838,635,82,1,A historical wonder
839,384,511,3,Amazing experience!
840,156,385,2,Incredible monument!
841,244,946,5,Beautiful location!
842,757,899,3,A historical wonder
843,285,326,1,Highly recommended!
844,811,425,3,Incredible monument!
845,235,868,3,Must visit place!
846,249,211,5,Incredible monument!
847,929,940,2,Amazing experience!
848,623,894,4,Highly recommended!
849,330,188,4,Incredible monument!
850,67,891,4,Loved the scenery!
851,977,198,1,A historical wonder
852,961,210,2,Loved the scenery!
853,178,607,5,Amazing experience!
854,242,520,1,Truly unforgettable!
855,743,479,3,A historical wonder
856,739,203,2,Truly unforgettable!
857,181,621,2,Breathtaking views!
858,293,591,4,Amazing experience!
859,279,884,4,Loved the scenery!
860,974,996,3,Truly unforgettable!
861,387,172,4,Beautiful location!
862,433,518,5,Truly unforgettable!
863,779,160,4,Incredible monument!
864,781,391,4,Loved the scenery!
865,778,929,3,Loved every moment!
866,551,157,5,A historical wonder
867,264,390,4,Breathtaking views!
868,465,291,4,Highly recommended!
869,621,493,1,Must visit place!
870,140,733,4,Amazing experience!
871,159,939,2,Incredible monument!
872,14,883,5,Must visit place!
873,504,415,4,Truly unforgettable!
874,994,761,3,Truly unforgettable!
875,502,316,5,Loved the scenery!
876,419,907,1,Loved the scenery!
877,395,955,5,A historical wonder
878,199,782,4,Breathtaking views!
879,790,936,3,Highly recommended!
880,727,501,3,Incredible monument!
881,667,395,4,Amazing experience!
882,249,490,1,Must visit place!
883,647,724,1,A historical wonder
884,268,620,4,A historical wonder
885,261,254,5,Loved every moment!
886,975,679,2,Incredible monument!
887,120,790,1,Truly unforgettable!
888,408,724,5,Loved the scenery!
889,531,932,2,Truly unforgettable!
890,170,850,4,Breathtaking views!
891,709,310,5,Highly recommended!
892,675,908,4,Loved every moment!
893,316,752,4,Loved the scenery!
894,112,652,5,Must visit place!
895,834,147,3,Amazing experience!
896,953,767,4,Breathtaking views!
897,7,173,4,Incredible monument!
898,100,72,4,Highly recommended!
899,427,671,3,Truly unforgettable!
900,175,181,3,A historical wonder
901,721,138,2,Beautiful location!
902,187,515,1,Beautiful location!
903,581,834,2,A historical wonder
904,206,61,2,Amazing experience!
905,266,924,4,Beautiful location!
906,642,935,5,Loved the scenery!
907,890,652,2,Loved the scenery!
908,301,88,4,Loved the scenery!
909,284,66,3,Incredible monument!
910,600,241,4,Beautiful location!
911,689,779,1,Incredible monument!
912,63,273,1,Loved every moment!
913,809,43,1,Amazing experience!
914,535,811,1,Truly unforgettable!
915,618,533,3,Beautiful location!
916,485,776,3,Loved every moment!
917,440,345,3,Must visit place!
918,323,837,2,Must visit place!
919,682,409,4,Loved every moment!
920,59,999,3,Must visit place!
921,826,103,1,Beautiful location!
922,892,716,4,A historical wonder
923,27,617,1,Highly recommended!
924,287,974,2,Must visit place!
925,463,634,4,Highly recommended!
926,424,677,2,Incredible monument!
927,654,981,3,Incredible monument!
928,649,369,1,Must visit place!
929,695,455,2,Loved every moment!
930,497,410,5,Loved the scenery!
931,357,439,4,Loved the scenery!
932,752,395,3,Loved every moment!
933,200,730,2,Highly recommended!
934,898,586,5,Incredible monument!
935,131,510,1,Breathtaking views!
936,853,690,5,Beautiful location!
937,173,918,4,Loved the scenery!
938,494,679,5,Amazing experience!
939,250,217,2,Loved the scenery!
940,109,446,1,A historical wonder
941,952,952,3,Truly unforgettable!
942,785,288,2,Breathtaking views!
943,682,488,1,A historical wonder
944,945,548,4,Loved the scenery!
945,815,709,3,Amazing experience!
946,955,590,5,Loved the scenery!
947,660,352,4,Truly unforgettable!
948,670,658,5,Truly unforgettable!
949,828,239,2,Breathtaking views!
950,119,298,1,Loved the scenery!
951,92,349,5,Amazing experience!
952,763,965,1,Loved every moment!
953,377,131,3,Truly unforgettable!
954,591,755,1,Breathtaking views!
955,64,605,5,Amazing experience!
956,868,398,4,Must visit place!
957,790,374,2,Highly recommended!
958,680,617,5,Amazing experience!
959,110,405,1,Highly recommended!
960,873,472,3,A historical wonder
961,836,966,3,Amazing experience!
962,512,697,4,A historical wonder
963,616,291,2,Incredible monument!
964,614,328,3,Highly recommended!
965,706,127,3,Loved every moment!
966,490,647,2,Beautiful location!
967,299,722,4,Incredible monument!
968,830,342,2,Amazing experience!
969,869,751,2,Incredible monument!
970,946,887,2,Beautiful location!
971,745,402,3,A historical wonder
972,23,562,4,Must visit place!
973,433,695,4,Must visit place!
974,776,401,4,Loved the scenery!
975,541,745,3,Breathtaking views!
976,714,946,2,Highly recommended!
977,404,100,2,Must visit place!
978,771,811,5,Incredible monument!
979,871,958,3,Beautiful location!
980,671,168,5,A historical wonder
981,453,713,4,Breathtaking views!
982,919,149,2,Amazing experience!
983,824,767,2,Incredible monument!
984,371,744,5,Loved the scenery!
985,695,805,2,Truly unforgettable!
986,974,438,2,Incredible monument!
987,99,365,4,A historical wonder
988,968,54,1,Highly recommended!
989,666,347,5,Truly unforgettable!
990,994,153,4,Amazing experience!
991,35,122,2,Truly unforgettable!
992,501,310,5,A historical wonder
993,669,764,4,Loved the scenery!
994,797,475,4,Breathtaking views!
995,648,669,4,Must visit place!
996,12,123,1,Loved the scenery!
997,125,501,5,Amazing experience!
998,24,601,5,Loved every moment!
999,492,281,1,Loved every moment!
1000,186,394,4,Truly unforgettable!
