UserID,Name,Email,Preferences,Gender,NumberOfAdults,NumberOfChildren
1,Faisal,faisal1@example.com,"Adventure, City",Male,3,0
2,Sana,sana2@example.com,"Nature, Adventure",Female,1,3
3,Usman,usman3@example.com,"Adventure, City",Male,1,0
4,Noor,noor4@example.com,"Nature, Adventure",Female,2,0
5,Tariq,tariq5@example.com,"Nature, Adventure",Male,2,2
6,Tariq,tariq6@example.com,"Beaches, Historical",Male,3,1
7,Hamza,hamza7@example.com,"City, Historical",Male,2,0
8,Hassan,hassan8@example.com,"Beaches, Historical",Male,3,1
9,Fatima,fatima9@example.com,"Nature, Adventure",Female,3,0
10,Zain,zain10@example.com,"Adventure, City",Male,1,0
11,Sara,sara11@example.com,"City, Historical",Female,1,3
12,Tariq,tariq12@example.com,"Beaches, Historical",Male,3,3
13,Ali,ali13@example.com,"Beaches, Nature",Male,4,3
14,Omar,omar14@example.com,"Beaches, Nature",Male,1,0
15,Rabia,rabia15@example.com,"Nature, Adventure",Female,1,1
16,Rabia,rabia16@example.com,"Adventure, City",Female,3,3
17,Sara,sara17@example.com,"Adventure, City",Female,4,0
18,Hamza,hamza18@example.com,"Nature, Adventure",Male,4,3
19,Zain,zain19@example.com,"City, Historical",Male,4,3
20,Ayesha,ayesha20@example.com,"City, Historical",Female,4,2
21,Hina,hina21@example.com,"Nature, Adventure",Female,4,0
22,Ahmed,ahmed22@example.com,"Beaches, Historical",Male,4,0
23,Zara,zara23@example.com,"Adventure, City",Female,1,2
24,Zain,zain24@example.com,"City, Historical",Male,4,0
25,Rabia,rabia25@example.com,"City, Historical",Female,3,0
26,Hassan,hassan26@example.com,"Beaches, Nature",Male,2,0
27,Amna,amna27@example.com,"City, Historical",Female,1,2
28,Zain,zain28@example.com,"Adventure, City",Male,1,2
29,Hassan,hassan29@example.com,"City, Historical",Male,3,2
30,Fatima,fatima30@example.com,"Nature, Adventure",Female,2,3
31,Hassan,hassan31@example.com,"Beaches, Historical",Male,1,1
32,Maryam,maryam32@example.com,"Beaches, Nature",Female,3,1
33,Sana,sana33@example.com,"City, Historical",Female,1,0
34,Hassan,hassan34@example.com,"Adventure, City",Male,1,0
35,Sara,sara35@example.com,"Beaches, Nature",Female,4,3
36,Sana,sana36@example.com,"Nature, Adventure",Female,1,2
37,Ayesha,ayesha37@example.com,"City, Historical",Female,4,2
38,Usman,usman38@example.com,"Beaches, Nature",Male,1,0
39,Bilal,bilal39@example.com,"Nature, Adventure",Male,2,2
40,Hina,hina40@example.com,"Beaches, Historical",Female,1,3
41,Zara,zara41@example.com,"Nature, Adventure",Female,4,1
42,Ayesha,ayesha42@example.com,"Beaches, Nature",Female,1,3
43,Omar,omar43@example.com,"Beaches, Historical",Male,3,3
44,Maryam,maryam44@example.com,"City, Historical",Female,1,3
45,Faisal,faisal45@example.com,"Nature, Adventure",Male,4,2
46,Zain,zain46@example.com,"Beaches, Historical",Male,2,3
47,Amna,amna47@example.com,"Beaches, Historical",Female,4,2
48,Noor,noor48@example.com,"City, Historical",Female,2,0
49,Hamza,hamza49@example.com,"Adventure, City",Male,2,2
50,Zara,zara50@example.com,"Nature, Adventure",Female,1,1
51,Noor,noor51@example.com,"Nature, Adventure",Female,2,0
52,Omar,omar52@example.com,"Beaches, Nature",Male,4,2
53,Zara,zara53@example.com,"Beaches, Nature",Female,1,3
54,Sana,sana54@example.com,"City, Historical",Female,1,2
55,Bilal,bilal55@example.com,"Beaches, Nature",Male,4,0
56,Faisal,faisal56@example.com,"City, Historical",Male,1,0
57,Sara,sara57@example.com,"Adventure, City",Female,1,3
58,Faisal,faisal58@example.com,"Adventure, City",Male,4,1
59,Omar,omar59@example.com,"Beaches, Historical",Male,3,0
60,Ali,ali60@example.com,"Nature, Adventure",Male,4,3
61,Faisal,faisal61@example.com,"City, Historical",Male,3,3
62,Hina,hina62@example.com,"Adventure, City",Female,1,2
63,Faisal,faisal63@example.com,"Beaches, Historical",Male,4,2
64,Rabia,rabia64@example.com,"Nature, Adventure",Female,3,0
65,Faisal,faisal65@example.com,"City, Historical",Male,4,1
66,Bilal,bilal66@example.com,"Adventure, City",Male,4,2
67,Hamza,hamza67@example.com,"Beaches, Historical",Male,4,2
68,Faisal,faisal68@example.com,"City, Historical",Male,2,1
69,Sara,sara69@example.com,"Nature, Adventure",Female,2,1
70,Ahmed,ahmed70@example.com,"City, Historical",Male,1,0
71,Rabia,rabia71@example.com,"Nature, Adventure",Female,4,1
72,Hassan,hassan72@example.com,"Adventure, City",Male,2,3
73,Zain,zain73@example.com,"City, Historical",Male,2,3
74,Sara,sara74@example.com,"Nature, Adventure",Female,2,2
75,Noor,noor75@example.com,"City, Historical",Female,4,3
76,Maryam,maryam76@example.com,"Adventure, City",Female,4,1
77,Tariq,tariq77@example.com,"Nature, Adventure",Male,3,0
78,Hina,hina78@example.com,"Adventure, City",Female,1,0
79,Ayesha,ayesha79@example.com,"Nature, Adventure",Female,3,3
80,Zain,zain80@example.com,"Beaches, Historical",Male,2,3
81,Fatima,fatima81@example.com,"Beaches, Nature",Female,1,3
82,Noor,noor82@example.com,"Beaches, Nature",Female,1,2
83,Ali,ali83@example.com,"City, Historical",Male,1,2
84,Hassan,hassan84@example.com,"Beaches, Historical",Male,3,3
85,Omar,omar85@example.com,"Beaches, Nature",Male,1,0
86,Bilal,bilal86@example.com,"Nature, Adventure",Male,2,3
87,Bilal,bilal87@example.com,"Nature, Adventure",Male,3,0
88,Usman,usman88@example.com,"Beaches, Nature",Male,4,0
89,Omar,omar89@example.com,"Adventure, City",Male,1,1
90,Bilal,bilal90@example.com,"Beaches, Nature",Male,1,2
91,Tariq,tariq91@example.com,"Beaches, Nature",Male,2,0
92,Ayesha,ayesha92@example.com,"Adventure, City",Female,1,3
93,Fatima,fatima93@example.com,"Beaches, Nature",Female,3,2
94,Faisal,faisal94@example.com,"Beaches, Historical",Male,3,1
95,Tariq,tariq95@example.com,"City, Historical",Male,2,0
96,Amna,amna96@example.com,"City, Historical",Female,2,3
97,Zara,zara97@example.com,"Nature, Adventure",Female,1,3
98,Bilal,bilal98@example.com,"Nature, Adventure",Male,1,1
99,Faisal,faisal99@example.com,"City, Historical",Male,4,3
100,Fatima,fatima100@example.com,"Nature, Adventure",Female,3,2
101,Faisal,faisal101@example.com,"City, Historical",Male,1,2
102,Maryam,maryam102@example.com,"Beaches, Nature",Female,4,2
103,Omar,omar103@example.com,"Beaches, Nature",Male,3,2
104,Zain,zain104@example.com,"Beaches, Historical",Male,4,1
105,Hina,hina105@example.com,"Beaches, Historical",Female,1,2
106,Sana,sana106@example.com,"Beaches, Nature",Female,4,1
107,Hina,hina107@example.com,"Beaches, Nature",Female,1,2
108,Sana,sana108@example.com,"Beaches, Historical",Female,1,3
109,Amna,amna109@example.com,"Nature, Adventure",Female,1,1
110,Fatima,fatima110@example.com,"Nature, Adventure",Female,1,1
111,Hina,hina111@example.com,"Beaches, Nature",Female,1,1
112,Hina,hina112@example.com,"City, Historical",Female,4,0
113,Hamza,hamza113@example.com,"City, Historical",Male,4,2
114,Noor,noor114@example.com,"Beaches, Historical",Female,1,1
115,Amna,amna115@example.com,"Beaches, Nature",Female,1,2
116,Sara,sara116@example.com,"Nature, Adventure",Female,3,3
117,Ahmed,ahmed117@example.com,"Nature, Adventure",Male,1,3
118,Omar,omar118@example.com,"Beaches, Historical",Male,3,2
119,Hamza,hamza119@example.com,"Adventure, City",Male,3,2
120,Hassan,hassan120@example.com,"City, Historical",Male,2,0
121,Hassan,hassan121@example.com,"Nature, Adventure",Male,4,0
122,Amna,amna122@example.com,"Adventure, City",Female,3,3
123,Tariq,tariq123@example.com,"Beaches, Historical",Male,1,2
124,Sara,sara124@example.com,"Adventure, City",Female,4,3
125,Hassan,hassan125@example.com,"City, Historical",Male,1,3
126,Amna,amna126@example.com,"City, Historical",Female,2,1
127,Zain,zain127@example.com,"Adventure, City",Male,1,0
128,Bilal,bilal128@example.com,"Nature, Adventure",Male,2,2
129,Faisal,faisal129@example.com,"Adventure, City",Male,3,0
130,Noor,noor130@example.com,"Adventure, City",Female,3,1
131,Rabia,rabia131@example.com,"Adventure, City",Female,1,1
132,Hassan,hassan132@example.com,"Adventure, City",Male,3,0
133,Ahmed,ahmed133@example.com,"Beaches, Historical",Male,3,1
134,Rabia,rabia134@example.com,"Beaches, Historical",Female,4,2
135,Sara,sara135@example.com,"Nature, Adventure",Female,4,2
136,Ayesha,ayesha136@example.com,"Beaches, Historical",Female,2,3
137,Sara,sara137@example.com,"Beaches, Nature",Female,2,2
138,Faisal,faisal138@example.com,"City, Historical",Male,3,3
139,Faisal,faisal139@example.com,"Adventure, City",Male,1,2
140,Omar,omar140@example.com,"Beaches, Historical",Male,3,3
141,Hassan,hassan141@example.com,"Beaches, Historical",Male,1,2
142,Rabia,rabia142@example.com,"Beaches, Nature",Female,2,1
143,Rabia,rabia143@example.com,"City, Historical",Female,2,1
144,Amna,amna144@example.com,"Beaches, Nature",Female,4,2
145,Fatima,fatima145@example.com,"Beaches, Historical",Female,4,3
146,Usman,usman146@example.com,"Adventure, City",Male,3,0
147,Bilal,bilal147@example.com,"Beaches, Nature",Male,4,2
148,Ahmed,ahmed148@example.com,"Beaches, Nature",Male,2,2
149,Maryam,maryam149@example.com,"City, Historical",Female,1,3
150,Tariq,tariq150@example.com,"Adventure, City",Male,2,2
151,Ayesha,ayesha151@example.com,"Beaches, Nature",Female,4,2
152,Hassan,hassan152@example.com,"Beaches, Historical",Male,4,2
153,Amna,amna153@example.com,"City, Historical",Female,2,1
154,Amna,amna154@example.com,"Beaches, Historical",Female,1,0
155,Faisal,faisal155@example.com,"Beaches, Nature",Male,4,1
156,Faisal,faisal156@example.com,"Adventure, City",Male,3,1
157,Rabia,rabia157@example.com,"City, Historical",Female,3,3
158,Sara,sara158@example.com,"Beaches, Historical",Female,3,2
159,Zain,zain159@example.com,"Adventure, City",Male,3,0
160,Sana,sana160@example.com,"Adventure, City",Female,2,0
161,Zara,zara161@example.com,"Adventure, City",Female,4,1
162,Ali,ali162@example.com,"Adventure, City",Male,1,1
163,Omar,omar163@example.com,"City, Historical",Male,4,1
164,Noor,noor164@example.com,"Beaches, Nature",Female,4,0
165,Hamza,hamza165@example.com,"Nature, Adventure",Male,3,3
166,Hina,hina166@example.com,"Nature, Adventure",Female,4,2
167,Sana,sana167@example.com,"Adventure, City",Female,4,1
168,Bilal,bilal168@example.com,"Adventure, City",Male,3,1
169,Sana,sana169@example.com,"Nature, Adventure",Female,4,2
170,Hina,hina170@example.com,"Adventure, City",Female,3,2
171,Tariq,tariq171@example.com,"Adventure, City",Male,4,3
172,Zara,zara172@example.com,"City, Historical",Female,1,2
173,Faisal,faisal173@example.com,"Beaches, Nature",Male,3,3
174,Usman,usman174@example.com,"Adventure, City",Male,3,2
175,Ahmed,ahmed175@example.com,"Adventure, City",Male,2,1
176,Hamza,hamza176@example.com,"Nature, Adventure",Male,2,0
177,Zain,zain177@example.com,"City, Historical",Male,4,0
178,Ali,ali178@example.com,"Adventure, City",Male,2,3
179,Sara,sara179@example.com,"Nature, Adventure",Female,3,2
180,Fatima,fatima180@example.com,"Beaches, Historical",Female,2,0
181,Zain,zain181@example.com,"Nature, Adventure",Male,1,3
182,Zara,zara182@example.com,"City, Historical",Female,1,0
183,Rabia,rabia183@example.com,"Adventure, City",Female,1,2
184,Sara,sara184@example.com,"Adventure, City",Female,4,1
185,Sana,sana185@example.com,"Nature, Adventure",Female,1,2
186,Omar,omar186@example.com,"City, Historical",Male,2,0
187,Sana,sana187@example.com,"Adventure, City",Female,2,1
188,Maryam,maryam188@example.com,"Adventure, City",Female,3,0
189,Ayesha,ayesha189@example.com,"Nature, Adventure",Female,2,3
190,Noor,noor190@example.com,"Beaches, Historical",Female,3,3
191,Omar,omar191@example.com,"City, Historical",Male,3,2
192,Bilal,bilal192@example.com,"City, Historical",Male,2,0
193,Omar,omar193@example.com,"City, Historical",Male,2,3
194,Ayesha,ayesha194@example.com,"City, Historical",Female,3,1
195,Hassan,hassan195@example.com,"Beaches, Nature",Male,2,3
196,Maryam,maryam196@example.com,"Adventure, City",Female,4,1
197,Tariq,tariq197@example.com,"Beaches, Historical",Male,4,2
198,Tariq,tariq198@example.com,"Beaches, Historical",Male,1,1
199,Hassan,hassan199@example.com,"City, Historical",Male,4,0
200,Tariq,tariq200@example.com,"Beaches, Nature",Male,1,3
201,Omar,omar201@example.com,"Nature, Adventure",Male,4,3
202,Hamza,hamza202@example.com,"Beaches, Nature",Male,3,0
203,Sana,sana203@example.com,"Beaches, Historical",Female,2,0
204,Zain,zain204@example.com,"City, Historical",Male,1,0
205,Omar,omar205@example.com,"Beaches, Historical",Male,3,3
206,Hassan,hassan206@example.com,"Beaches, Nature",Male,3,3
207,Maryam,maryam207@example.com,"Beaches, Nature",Female,1,1
208,Ayesha,ayesha208@example.com,"Nature, Adventure",Female,4,1
209,Ali,ali209@example.com,"Beaches, Historical",Male,3,3
210,Amna,amna210@example.com,"Beaches, Nature",Female,2,1
211,Hina,hina211@example.com,"Nature, Adventure",Female,3,1
212,Ali,ali212@example.com,"Beaches, Nature",Male,1,1
213,Ahmed,ahmed213@example.com,"Beaches, Historical",Male,1,3
214,Usman,usman214@example.com,"Beaches, Historical",Male,4,3
215,Hamza,hamza215@example.com,"Nature, Adventure",Male,1,1
216,Noor,noor216@example.com,"Adventure, City",Female,3,2
217,Bilal,bilal217@example.com,"Nature, Adventure",Male,2,3
218,Sana,sana218@example.com,"Beaches, Historical",Female,2,3
219,Fatima,fatima219@example.com,"City, Historical",Female,4,2
220,Maryam,maryam220@example.com,"Nature, Adventure",Female,3,3
221,Hamza,hamza221@example.com,"Beaches, Nature",Male,2,1
222,Zara,zara222@example.com,"Beaches, Nature",Female,1,3
223,Amna,amna223@example.com,"Adventure, City",Female,2,3
224,Bilal,bilal224@example.com,"Nature, Adventure",Male,3,0
225,Hina,hina225@example.com,"Beaches, Historical",Female,2,0
226,Maryam,maryam226@example.com,"Adventure, City",Female,1,0
227,Tariq,tariq227@example.com,"Adventure, City",Male,2,3
228,Faisal,faisal228@example.com,"City, Historical",Male,1,1
229,Ahmed,ahmed229@example.com,"Beaches, Nature",Male,2,1
230,Noor,noor230@example.com,"Adventure, City",Female,3,2
231,Sara,sara231@example.com,"Adventure, City",Female,3,2
232,Hina,hina232@example.com,"Adventure, City",Female,4,3
233,Omar,omar233@example.com,"City, Historical",Male,2,2
234,Maryam,maryam234@example.com,"Beaches, Historical",Female,2,1
235,Bilal,bilal235@example.com,"Adventure, City",Male,4,2
236,Usman,usman236@example.com,"City, Historical",Male,2,3
237,Omar,omar237@example.com,"Adventure, City",Male,3,2
238,Sara,sara238@example.com,"Beaches, Nature",Female,2,2
239,Hassan,hassan239@example.com,"Adventure, City",Male,4,1
240,Hamza,hamza240@example.com,"Beaches, Historical",Male,1,0
241,Zain,zain241@example.com,"Nature, Adventure",Male,2,0
242,Ali,ali242@example.com,"Nature, Adventure",Male,4,2
243,Tariq,tariq243@example.com,"Adventure, City",Male,4,3
244,Ali,ali244@example.com,"Adventure, City",Male,4,0
245,Hamza,hamza245@example.com,"City, Historical",Male,3,0
246,Zara,zara246@example.com,"Beaches, Historical",Female,1,1
247,Usman,usman247@example.com,"Adventure, City",Male,3,2
248,Maryam,maryam248@example.com,"Beaches, Historical",Female,3,3
249,Rabia,rabia249@example.com,"Nature, Adventure",Female,2,2
250,Ali,ali250@example.com,"Beaches, Historical",Male,4,3
251,Amna,amna251@example.com,"Beaches, Nature",Female,1,0
252,Ahmed,ahmed252@example.com,"Beaches, Nature",Male,4,2
253,Hamza,hamza253@example.com,"Beaches, Historical",Male,2,1
254,Sana,sana254@example.com,"Beaches, Historical",Female,1,2
255,Hassan,hassan255@example.com,"City, Historical",Male,1,1
256,Zain,zain256@example.com,"Beaches, Historical",Male,3,1
257,Tariq,tariq257@example.com,"Beaches, Nature",Male,3,3
258,Ahmed,ahmed258@example.com,"Adventure, City",Male,3,0
259,Zain,zain259@example.com,"Nature, Adventure",Male,1,2
260,Hina,hina260@example.com,"Beaches, Historical",Female,3,3
261,Noor,noor261@example.com,"City, Historical",Female,4,3
262,Tariq,tariq262@example.com,"Beaches, Nature",Male,1,2
263,Ahmed,ahmed263@example.com,"Beaches, Historical",Male,3,1
264,Zara,zara264@example.com,"Beaches, Nature",Female,3,2
265,Ahmed,ahmed265@example.com,"Beaches, Historical",Male,3,3
266,Sana,sana266@example.com,"Beaches, Historical",Female,2,0
267,Zain,zain267@example.com,"Beaches, Nature",Male,4,0
268,Ahmed,ahmed268@example.com,"City, Historical",Male,1,2
269,Fatima,fatima269@example.com,"City, Historical",Female,4,3
270,Hamza,hamza270@example.com,"Nature, Adventure",Male,2,3
271,Hassan,hassan271@example.com,"City, Historical",Male,3,2
272,Zara,zara272@example.com,"Beaches, Historical",Female,2,3
273,Maryam,maryam273@example.com,"City, Historical",Female,4,0
274,Sana,sana274@example.com,"Nature, Adventure",Female,4,1
275,Ayesha,ayesha275@example.com,"Nature, Adventure",Female,3,0
276,Hina,hina276@example.com,"Adventure, City",Female,4,2
277,Hina,hina277@example.com,"Beaches, Nature",Female,2,2
278,Rabia,rabia278@example.com,"Nature, Adventure",Female,4,2
279,Zain,zain279@example.com,"City, Historical",Male,3,3
280,Faisal,faisal280@example.com,"Beaches, Nature",Male,3,3
281,Ayesha,ayesha281@example.com,"Adventure, City",Female,2,1
282,Omar,omar282@example.com,"Nature, Adventure",Male,4,2
283,Zain,zain283@example.com,"Beaches, Nature",Male,2,2
284,Bilal,bilal284@example.com,"Nature, Adventure",Male,4,3
285,Omar,omar285@example.com,"Adventure, City",Male,4,3
286,Amna,amna286@example.com,"Beaches, Historical",Female,3,0
287,Usman,usman287@example.com,"City, Historical",Male,2,0
288,Hina,hina288@example.com,"Beaches, Nature",Female,1,0
289,Bilal,bilal289@example.com,"Nature, Adventure",Male,2,3
290,Maryam,maryam290@example.com,"Beaches, Nature",Female,2,2
291,Omar,omar291@example.com,"Beaches, Historical",Male,3,3
292,Ahmed,ahmed292@example.com,"Nature, Adventure",Male,3,2
293,Sara,sara293@example.com,"Nature, Adventure",Female,4,2
294,Ayesha,ayesha294@example.com,"Beaches, Nature",Female,4,2
295,Bilal,bilal295@example.com,"Beaches, Historical",Male,1,0
296,Ayesha,ayesha296@example.com,"Nature, Adventure",Female,2,1
297,Faisal,faisal297@example.com,"Adventure, City",Male,4,3
298,Zain,zain298@example.com,"Nature, Adventure",Male,2,3
299,Fatima,fatima299@example.com,"Adventure, City",Female,2,3
300,Maryam,maryam300@example.com,"Beaches, Historical",Female,2,1
301,Ayesha,ayesha301@example.com,"Adventure, City",Female,1,1
302,Hina,hina302@example.com,"Nature, Adventure",Female,4,0
303,Sara,sara303@example.com,"Adventure, City",Female,3,3
304,Rabia,rabia304@example.com,"Beaches, Historical",Female,3,2
305,Rabia,rabia305@example.com,"Nature, Adventure",Female,3,0
306,Faisal,faisal306@example.com,"Beaches, Historical",Male,2,2
307,Hassan,hassan307@example.com,"City, Historical",Male,2,3
308,Rabia,rabia308@example.com,"Nature, Adventure",Female,4,3
309,Omar,omar309@example.com,"Adventure, City",Male,2,1
310,Sana,sana310@example.com,"Nature, Adventure",Female,2,2
311,Rabia,rabia311@example.com,"Beaches, Historical",Female,3,0
312,Zara,zara312@example.com,"Nature, Adventure",Female,4,3
313,Sara,sara313@example.com,"Beaches, Nature",Female,4,3
314,Ahmed,ahmed314@example.com,"Adventure, City",Male,1,1
315,Fatima,fatima315@example.com,"City, Historical",Female,2,2
316,Omar,omar316@example.com,"Adventure, City",Male,4,0
317,Bilal,bilal317@example.com,"Adventure, City",Male,3,0
318,Amna,amna318@example.com,"Nature, Adventure",Female,4,0
319,Bilal,bilal319@example.com,"Beaches, Historical",Male,4,2
320,Ayesha,ayesha320@example.com,"Beaches, Nature",Female,1,1
321,Tariq,tariq321@example.com,"City, Historical",Male,4,1
322,Usman,usman322@example.com,"Nature, Adventure",Male,1,2
323,Rabia,rabia323@example.com,"Adventure, City",Female,2,2
324,Sana,sana324@example.com,"Adventure, City",Female,3,0
325,Zain,zain325@example.com,"Beaches, Historical",Male,3,1
326,Usman,usman326@example.com,"Nature, Adventure",Male,3,1
327,Sara,sara327@example.com,"Nature, Adventure",Female,3,3
328,Sara,sara328@example.com,"Beaches, Historical",Female,1,3
329,Hina,hina329@example.com,"Beaches, Nature",Female,4,2
330,Ahmed,ahmed330@example.com,"Beaches, Nature",Male,3,0
331,Noor,noor331@example.com,"Beaches, Nature",Female,2,3
332,Hina,hina332@example.com,"City, Historical",Female,3,1
333,Hina,hina333@example.com,"Beaches, Historical",Female,1,0
334,Fatima,fatima334@example.com,"Beaches, Historical",Female,2,3
335,Fatima,fatima335@example.com,"Beaches, Nature",Female,2,1
336,Zara,zara336@example.com,"City, Historical",Female,1,2
337,Ayesha,ayesha337@example.com,"City, Historical",Female,2,0
338,Sana,sana338@example.com,"Nature, Adventure",Female,4,0
339,Ali,ali339@example.com,"Nature, Adventure",Male,4,0
340,Tariq,tariq340@example.com,"Nature, Adventure",Male,4,0
341,Faisal,faisal341@example.com,"Beaches, Historical",Male,4,1
342,Ayesha,ayesha342@example.com,"Nature, Adventure",Female,4,0
343,Ahmed,ahmed343@example.com,"City, Historical",Male,3,2
344,Zain,zain344@example.com,"Nature, Adventure",Male,2,0
345,Tariq,tariq345@example.com,"Nature, Adventure",Male,4,2
346,Hassan,hassan346@example.com,"Beaches, Nature",Male,4,1
347,Ahmed,ahmed347@example.com,"Nature, Adventure",Male,1,3
348,Maryam,maryam348@example.com,"City, Historical",Female,2,1
349,Ayesha,ayesha349@example.com,"Nature, Adventure",Female,3,0
350,Noor,noor350@example.com,"Adventure, City",Female,2,3
351,Fatima,fatima351@example.com,"Nature, Adventure",Female,4,3
352,Usman,usman352@example.com,"Beaches, Nature",Male,1,0
353,Hina,hina353@example.com,"Nature, Adventure",Female,4,3
354,Amna,amna354@example.com,"Nature, Adventure",Female,4,0
355,Tariq,tariq355@example.com,"Beaches, Historical",Male,1,2
356,Ali,ali356@example.com,"Beaches, Historical",Male,4,2
357,Maryam,maryam357@example.com,"Beaches, Nature",Female,1,1
358,Ayesha,ayesha358@example.com,"City, Historical",Female,1,1
359,Hamza,hamza359@example.com,"City, Historical",Male,4,0
360,Maryam,maryam360@example.com,"Nature, Adventure",Female,1,1
361,Zain,zain361@example.com,"Beaches, Historical",Male,4,0
362,Zara,zara362@example.com,"Beaches, Historical",Female,1,1
363,Hassan,hassan363@example.com,"Beaches, Nature",Male,3,2
364,Faisal,faisal364@example.com,"Nature, Adventure",Male,3,0
365,Faisal,faisal365@example.com,"Beaches, Nature",Male,3,0
366,Rabia,rabia366@example.com,"Beaches, Historical",Female,4,3
367,Fatima,fatima367@example.com,"Beaches, Nature",Female,2,2
368,Bilal,bilal368@example.com,"Beaches, Historical",Male,1,1
369,Ali,ali369@example.com,"Beaches, Historical",Male,2,0
370,Hina,hina370@example.com,"Beaches, Nature",Female,2,1
371,Hamza,hamza371@example.com,"Beaches, Nature",Male,2,2
372,Zain,zain372@example.com,"City, Historical",Male,3,0
373,Ayesha,ayesha373@example.com,"Adventure, City",Female,1,1
374,Hamza,hamza374@example.com,"Beaches, Historical",Male,4,0
375,Sana,sana375@example.com,"City, Historical",Female,3,0
376,Fatima,fatima376@example.com,"City, Historical",Female,2,2
377,Rabia,rabia377@example.com,"Nature, Adventure",Female,4,2
378,Noor,noor378@example.com,"Adventure, City",Female,2,1
379,Zain,zain379@example.com,"Beaches, Historical",Male,2,2
380,Faisal,faisal380@example.com,"Beaches, Historical",Male,4,2
381,Usman,usman381@example.com,"Adventure, City",Male,2,3
382,Fatima,fatima382@example.com,"Nature, Adventure",Female,3,0
383,Usman,usman383@example.com,"Adventure, City",Male,4,2
384,Ayesha,ayesha384@example.com,"Adventure, City",Female,1,1
385,Ayesha,ayesha385@example.com,"Adventure, City",Female,1,3
386,Usman,usman386@example.com,"City, Historical",Male,3,2
387,Hina,hina387@example.com,"City, Historical",Female,4,2
388,Ahmed,ahmed388@example.com,"Nature, Adventure",Male,2,0
389,Ahmed,ahmed389@example.com,"Nature, Adventure",Male,4,3
390,Maryam,maryam390@example.com,"Beaches, Historical",Female,3,1
391,Sana,sana391@example.com,"Beaches, Nature",Female,3,0
392,Hassan,hassan392@example.com,"City, Historical",Male,1,1
393,Zara,zara393@example.com,"Beaches, Historical",Female,2,2
394,Amna,amna394@example.com,"Beaches, Historical",Female,3,2
395,Ali,ali395@example.com,"Beaches, Nature",Male,4,1
396,Omar,omar396@example.com,"Beaches, Historical",Male,2,0
397,Ali,ali397@example.com,"Nature, Adventure",Male,2,1
398,Hina,hina398@example.com,"Beaches, Historical",Female,3,0
399,Ahmed,ahmed399@example.com,"Nature, Adventure",Male,4,1
400,Faisal,faisal400@example.com,"Beaches, Historical",Male,1,3
401,Hassan,hassan401@example.com,"Adventure, City",Male,4,3
402,Fatima,fatima402@example.com,"Beaches, Nature",Female,4,1
403,Noor,noor403@example.com,"Nature, Adventure",Female,3,2
404,Zara,zara404@example.com,"Beaches, Historical",Female,2,2
405,Maryam,maryam405@example.com,"Adventure, City",Female,4,0
406,Bilal,bilal406@example.com,"Beaches, Nature",Male,2,3
407,Hamza,hamza407@example.com,"Nature, Adventure",Male,1,3
408,Sara,sara408@example.com,"Adventure, City",Female,4,2
409,Maryam,maryam409@example.com,"City, Historical",Female,2,0
410,Rabia,rabia410@example.com,"Nature, Adventure",Female,1,2
411,Omar,omar411@example.com,"Adventure, City",Male,3,1
412,Ahmed,ahmed412@example.com,"Nature, Adventure",Male,2,2
413,Usman,usman413@example.com,"Adventure, City",Male,4,2
414,Hassan,hassan414@example.com,"Nature, Adventure",Male,3,2
415,Faisal,faisal415@example.com,"Adventure, City",Male,2,1
416,Amna,amna416@example.com,"City, Historical",Female,2,3
417,Ahmed,ahmed417@example.com,"Beaches, Historical",Male,2,1
418,Hamza,hamza418@example.com,"Beaches, Nature",Male,1,2
419,Hassan,hassan419@example.com,"City, Historical",Male,2,2
420,Ali,ali420@example.com,"Nature, Adventure",Male,2,0
421,Ayesha,ayesha421@example.com,"City, Historical",Female,4,0
422,Sana,sana422@example.com,"City, Historical",Female,2,1
423,Sara,sara423@example.com,"City, Historical",Female,2,2
424,Tariq,tariq424@example.com,"Nature, Adventure",Male,4,2
425,Zara,zara425@example.com,"Nature, Adventure",Female,1,3
426,Hassan,hassan426@example.com,"Adventure, City",Male,3,1
427,Omar,omar427@example.com,"Nature, Adventure",Male,3,0
428,Faisal,faisal428@example.com,"City, Historical",Male,2,0
429,Sara,sara429@example.com,"Beaches, Historical",Female,3,1
430,Ahmed,ahmed430@example.com,"City, Historical",Male,3,0
431,Ali,ali431@example.com,"Beaches, Nature",Male,4,3
432,Zain,zain432@example.com,"Beaches, Nature",Male,4,2
433,Ayesha,ayesha433@example.com,"Beaches, Nature",Female,2,1
434,Ayesha,ayesha434@example.com,"Beaches, Historical",Female,3,0
435,Sana,sana435@example.com,"Beaches, Historical",Female,1,2
436,Zain,zain436@example.com,"Nature, Adventure",Male,1,0
437,Rabia,rabia437@example.com,"Adventure, City",Female,4,0
438,Zara,zara438@example.com,"Adventure, City",Female,4,1
439,Ahmed,ahmed439@example.com,"City, Historical",Male,2,1
440,Amna,amna440@example.com,"Adventure, City",Female,3,2
441,Noor,noor441@example.com,"Beaches, Historical",Female,1,3
442,Zara,zara442@example.com,"Beaches, Historical",Female,3,0
443,Ayesha,ayesha443@example.com,"City, Historical",Female,4,1
444,Ali,ali444@example.com,"Nature, Adventure",Male,2,2
445,Omar,omar445@example.com,"Beaches, Historical",Male,3,3
446,Sara,sara446@example.com,"City, Historical",Female,1,3
447,Faisal,faisal447@example.com,"Beaches, Nature",Male,3,1
448,Fatima,fatima448@example.com,"City, Historical",Female,4,3
449,Noor,noor449@example.com,"City, Historical",Female,1,1
450,Ahmed,ahmed450@example.com,"City, Historical",Male,4,1
451,Zain,zain451@example.com,"Adventure, City",Male,4,3
452,Omar,omar452@example.com,"City, Historical",Male,1,3
453,Hamza,hamza453@example.com,"Adventure, City",Male,2,0
454,Zara,zara454@example.com,"Nature, Adventure",Female,2,1
455,Ali,ali455@example.com,"Beaches, Nature",Male,1,3
456,Hassan,hassan456@example.com,"Adventure, City",Male,3,2
457,Ahmed,ahmed457@example.com,"Beaches, Nature",Male,4,2
458,Amna,amna458@example.com,"Beaches, Nature",Female,1,3
459,Zain,zain459@example.com,"Nature, Adventure",Male,2,0
460,Tariq,tariq460@example.com,"Beaches, Historical",Male,3,2
461,Sana,sana461@example.com,"Beaches, Nature",Female,4,3
462,Hassan,hassan462@example.com,"City, Historical",Male,4,1
463,Fatima,fatima463@example.com,"Beaches, Nature",Female,3,1
464,Omar,omar464@example.com,"City, Historical",Male,3,0
465,Sana,sana465@example.com,"City, Historical",Female,3,3
466,Usman,usman466@example.com,"Nature, Adventure",Male,3,3
467,Sana,sana467@example.com,"Beaches, Nature",Female,1,1
468,Noor,noor468@example.com,"Beaches, Nature",Female,4,2
469,Hamza,hamza469@example.com,"Nature, Adventure",Male,1,2
470,Zara,zara470@example.com,"Adventure, City",Female,1,1
471,Usman,usman471@example.com,"Beaches, Historical",Male,2,0
472,Fatima,fatima472@example.com,"City, Historical",Female,2,2
473,Sara,sara473@example.com,"Adventure, City",Female,4,0
474,Usman,usman474@example.com,"City, Historical",Male,4,3
475,Omar,omar475@example.com,"Adventure, City",Male,3,2
476,Bilal,bilal476@example.com,"Beaches, Historical",Male,3,0
477,Fatima,fatima477@example.com,"Nature, Adventure",Female,2,1
478,Usman,usman478@example.com,"City, Historical",Male,4,0
479,Omar,omar479@example.com,"Nature, Adventure",Male,2,0
480,Bilal,bilal480@example.com,"Adventure, City",Male,3,2
481,Maryam,maryam481@example.com,"City, Historical",Female,4,2
482,Omar,omar482@example.com,"City, Historical",Male,4,0
483,Hamza,hamza483@example.com,"City, Historical",Male,3,2
484,Omar,omar484@example.com,"Beaches, Historical",Male,3,2
485,Sana,sana485@example.com,"City, Historical",Female,3,1
486,Hamza,hamza486@example.com,"Nature, Adventure",Male,1,3
487,Zara,zara487@example.com,"Beaches, Historical",Female,4,2
488,Maryam,maryam488@example.com,"Beaches, Nature",Female,4,0
489,Faisal,faisal489@example.com,"Nature, Adventure",Male,4,2
490,Zara,zara490@example.com,"Adventure, City",Female,2,2
491,Omar,omar491@example.com,"Nature, Adventure",Male,3,1
492,Ayesha,ayesha492@example.com,"Nature, Adventure",Female,3,1
493,Maryam,maryam493@example.com,"City, Historical",Female,3,2
494,Sara,sara494@example.com,"Beaches, Historical",Female,4,0
495,Omar,omar495@example.com,"Nature, Adventure",Male,1,3
496,Maryam,maryam496@example.com,"Beaches, Historical",Female,2,1
497,Faisal,faisal497@example.com,"Beaches, Nature",Male,4,1
498,Zara,zara498@example.com,"Beaches, Historical",Female,4,2
499,Faisal,faisal499@example.com,"Beaches, Historical",Male,1,3
500,Noor,noor500@example.com,"Nature, Adventure",Female,2,3
501,Hassan,hassan501@example.com,"Adventure, City",Male,4,3
502,Maryam,maryam502@example.com,"Beaches, Nature",Female,4,0
503,Hamza,hamza503@example.com,"Nature, Adventure",Male,3,0
504,Amna,amna504@example.com,"Nature, Adventure",Female,1,0
505,Usman,usman505@example.com,"City, Historical",Male,3,1
506,Zain,zain506@example.com,"Adventure, City",Male,3,1
507,Ali,ali507@example.com,"City, Historical",Male,3,3
508,Maryam,maryam508@example.com,"Nature, Adventure",Female,3,3
509,Noor,noor509@example.com,"Nature, Adventure",Female,4,0
510,Usman,usman510@example.com,"Nature, Adventure",Male,2,0
511,Ahmed,ahmed511@example.com,"City, Historical",Male,1,3
512,Amna,amna512@example.com,"Adventure, City",Female,1,0
513,Ali,ali513@example.com,"Beaches, Historical",Male,1,3
514,Maryam,maryam514@example.com,"Beaches, Historical",Female,3,3
515,Usman,usman515@example.com,"Beaches, Historical",Male,3,3
516,Hamza,hamza516@example.com,"City, Historical",Male,2,3
517,Hamza,hamza517@example.com,"Adventure, City",Male,1,2
518,Ahmed,ahmed518@example.com,"Beaches, Nature",Male,2,1
519,Amna,amna519@example.com,"Nature, Adventure",Female,3,3
520,Zara,zara520@example.com,"Beaches, Historical",Female,4,1
521,Hina,hina521@example.com,"Nature, Adventure",Female,1,0
522,Ahmed,ahmed522@example.com,"Adventure, City",Male,4,1
523,Hamza,hamza523@example.com,"Beaches, Historical",Male,1,2
524,Omar,omar524@example.com,"City, Historical",Male,3,3
525,Ahmed,ahmed525@example.com,"Nature, Adventure",Male,1,2
526,Hina,hina526@example.com,"Beaches, Nature",Female,1,0
527,Ali,ali527@example.com,"Nature, Adventure",Male,2,2
528,Sara,sara528@example.com,"Adventure, City",Female,3,0
529,Hina,hina529@example.com,"Nature, Adventure",Female,1,3
530,Sara,sara530@example.com,"City, Historical",Female,4,3
531,Zara,zara531@example.com,"Beaches, Historical",Female,2,0
532,Ahmed,ahmed532@example.com,"Beaches, Nature",Male,4,3
533,Tariq,tariq533@example.com,"Beaches, Nature",Male,3,0
534,Omar,omar534@example.com,"Beaches, Nature",Male,1,3
535,Fatima,fatima535@example.com,"Beaches, Historical",Female,3,2
536,Hamza,hamza536@example.com,"Adventure, City",Male,2,2
537,Zain,zain537@example.com,"Nature, Adventure",Male,4,2
538,Zara,zara538@example.com,"Adventure, City",Female,1,0
539,Hamza,hamza539@example.com,"Beaches, Nature",Male,4,1
540,Omar,omar540@example.com,"City, Historical",Male,2,2
541,Fatima,fatima541@example.com,"Adventure, City",Female,2,3
542,Noor,noor542@example.com,"Beaches, Historical",Female,4,3
543,Ayesha,ayesha543@example.com,"Beaches, Nature",Female,4,2
544,Omar,omar544@example.com,"Beaches, Historical",Male,1,3
545,Fatima,fatima545@example.com,"Adventure, City",Female,1,0
546,Amna,amna546@example.com,"Adventure, City",Female,2,3
547,Hina,hina547@example.com,"Beaches, Historical",Female,2,3
548,Amna,amna548@example.com,"Adventure, City",Female,4,2
549,Ayesha,ayesha549@example.com,"Beaches, Historical",Female,2,0
550,Hina,hina550@example.com,"City, Historical",Female,3,0
551,Hassan,hassan551@example.com,"Beaches, Nature",Male,2,3
552,Bilal,bilal552@example.com,"Adventure, City",Male,2,1
553,Zain,zain553@example.com,"Nature, Adventure",Male,4,1
554,Ayesha,ayesha554@example.com,"Beaches, Nature",Female,1,0
555,Sara,sara555@example.com,"Adventure, City",Female,2,3
556,Hamza,hamza556@example.com,"Beaches, Historical",Male,4,3
557,Tariq,tariq557@example.com,"Nature, Adventure",Male,2,0
558,Rabia,rabia558@example.com,"Adventure, City",Female,3,3
559,Rabia,rabia559@example.com,"Nature, Adventure",Female,3,3
560,Sana,sana560@example.com,"Beaches, Nature",Female,2,1
561,Rabia,rabia561@example.com,"Adventure, City",Female,3,2
562,Usman,usman562@example.com,"Nature, Adventure",Male,3,2
563,Hassan,hassan563@example.com,"Adventure, City",Male,3,0
564,Amna,amna564@example.com,"Beaches, Nature",Female,4,2
565,Fatima,fatima565@example.com,"Adventure, City",Female,1,0
566,Zara,zara566@example.com,"Beaches, Historical",Female,1,1
567,Zara,zara567@example.com,"City, Historical",Female,3,1
568,Bilal,bilal568@example.com,"Nature, Adventure",Male,1,2
569,Ayesha,ayesha569@example.com,"Adventure, City",Female,2,3
570,Hamza,hamza570@example.com,"City, Historical",Male,1,3
571,Maryam,maryam571@example.com,"City, Historical",Female,1,0
572,Noor,noor572@example.com,"Adventure, City",Female,4,1
573,Rabia,rabia573@example.com,"Adventure, City",Female,2,1
574,Sara,sara574@example.com,"Nature, Adventure",Female,1,1
575,Hamza,hamza575@example.com,"Beaches, Historical",Male,4,0
576,Sana,sana576@example.com,"Adventure, City",Female,3,1
577,Tariq,tariq577@example.com,"City, Historical",Male,1,2
578,Zara,zara578@example.com,"Beaches, Historical",Female,2,2
579,Tariq,tariq579@example.com,"City, Historical",Male,4,2
580,Faisal,faisal580@example.com,"Adventure, City",Male,2,1
581,Hamza,hamza581@example.com,"Nature, Adventure",Male,4,3
582,Faisal,faisal582@example.com,"Nature, Adventure",Male,2,2
583,Hina,hina583@example.com,"City, Historical",Female,2,3
584,Ahmed,ahmed584@example.com,"City, Historical",Male,4,1
585,Ali,ali585@example.com,"City, Historical",Male,4,0
586,Sana,sana586@example.com,"Adventure, City",Female,3,0
587,Amna,amna587@example.com,"Adventure, City",Female,4,3
588,Bilal,bilal588@example.com,"Nature, Adventure",Male,3,0
589,Hassan,hassan589@example.com,"Adventure, City",Male,1,0
590,Usman,usman590@example.com,"Beaches, Nature",Male,1,1
591,Ayesha,ayesha591@example.com,"Nature, Adventure",Female,1,3
592,Fatima,fatima592@example.com,"Beaches, Historical",Female,1,0
593,Bilal,bilal593@example.com,"Adventure, City",Male,1,1
594,Maryam,maryam594@example.com,"Beaches, Nature",Female,4,3
595,Hina,hina595@example.com,"Beaches, Historical",Female,4,0
596,Tariq,tariq596@example.com,"Beaches, Historical",Male,1,0
597,Amna,amna597@example.com,"Beaches, Historical",Female,3,2
598,Bilal,bilal598@example.com,"Beaches, Nature",Male,4,3
599,Omar,omar599@example.com,"Nature, Adventure",Male,2,1
600,Amna,amna600@example.com,"City, Historical",Female,2,2
601,Fatima,fatima601@example.com,"Adventure, City",Female,2,0
602,Ali,ali602@example.com,"Adventure, City",Male,4,0
603,Noor,noor603@example.com,"City, Historical",Female,2,3
604,Hassan,hassan604@example.com,"Nature, Adventure",Male,2,2
605,Ahmed,ahmed605@example.com,"Nature, Adventure",Male,1,3
606,Bilal,bilal606@example.com,"Beaches, Historical",Male,3,0
607,Tariq,tariq607@example.com,"Beaches, Nature",Male,3,2
608,Usman,usman608@example.com,"Beaches, Historical",Male,3,0
609,Faisal,faisal609@example.com,"Beaches, Nature",Male,4,2
610,Rabia,rabia610@example.com,"Nature, Adventure",Female,3,2
611,Zara,zara611@example.com,"Beaches, Historical",Female,3,1
612,Zain,zain612@example.com,"City, Historical",Male,3,1
613,Sara,sara613@example.com,"Beaches, Nature",Female,4,2
614,Sara,sara614@example.com,"Adventure, City",Female,1,1
615,Bilal,bilal615@example.com,"Nature, Adventure",Male,2,2
616,Ahmed,ahmed616@example.com,"Beaches, Historical",Male,1,3
617,Ali,ali617@example.com,"Adventure, City",Male,3,3
618,Faisal,faisal618@example.com,"Beaches, Nature",Male,2,2
619,Omar,omar619@example.com,"Adventure, City",Male,1,3
620,Amna,amna620@example.com,"Beaches, Historical",Female,2,1
621,Omar,omar621@example.com,"Nature, Adventure",Male,2,1
622,Hina,hina622@example.com,"Beaches, Historical",Female,2,3
623,Ahmed,ahmed623@example.com,"City, Historical",Male,3,1
624,Usman,usman624@example.com,"Adventure, City",Male,3,3
625,Sara,sara625@example.com,"Beaches, Historical",Female,1,2
626,Hamza,hamza626@example.com,"City, Historical",Male,3,1
627,Maryam,maryam627@example.com,"City, Historical",Female,1,2
628,Noor,noor628@example.com,"Adventure, City",Female,4,2
629,Sara,sara629@example.com,"Beaches, Nature",Female,1,1
630,Zara,zara630@example.com,"Nature, Adventure",Female,1,2
631,Hassan,hassan631@example.com,"Nature, Adventure",Male,2,2
632,Usman,usman632@example.com,"Beaches, Nature",Male,3,0
633,Sara,sara633@example.com,"Beaches, Nature",Female,2,1
634,Fatima,fatima634@example.com,"Nature, Adventure",Female,1,1
635,Hassan,hassan635@example.com,"Adventure, City",Male,1,1
636,Hassan,hassan636@example.com,"City, Historical",Male,2,3
637,Bilal,bilal637@example.com,"Beaches, Historical",Male,2,3
638,Sara,sara638@example.com,"Nature, Adventure",Female,2,3
639,Tariq,tariq639@example.com,"Nature, Adventure",Male,3,1
640,Sara,sara640@example.com,"Adventure, City",Female,1,1
641,Maryam,maryam641@example.com,"Nature, Adventure",Female,1,0
642,Hamza,hamza642@example.com,"Adventure, City",Male,4,1
643,Hassan,hassan643@example.com,"Beaches, Nature",Male,1,0
644,Omar,omar644@example.com,"Nature, Adventure",Male,1,3
645,Hina,hina645@example.com,"Beaches, Historical",Female,4,1
646,Maryam,maryam646@example.com,"City, Historical",Female,1,3
647,Bilal,bilal647@example.com,"Beaches, Nature",Male,2,0
648,Rabia,rabia648@example.com,"Adventure, City",Female,4,2
649,Ali,ali649@example.com,"Beaches, Historical",Male,1,0
650,Noor,noor650@example.com,"City, Historical",Female,4,2
651,Hassan,hassan651@example.com,"Beaches, Nature",Male,3,2
652,Rabia,rabia652@example.com,"City, Historical",Female,3,3
653,Zain,zain653@example.com,"Adventure, City",Male,4,1
654,Amna,amna654@example.com,"Adventure, City",Female,4,2
655,Rabia,rabia655@example.com,"City, Historical",Female,4,1
656,Usman,usman656@example.com,"Beaches, Nature",Male,2,0
657,Hamza,hamza657@example.com,"Beaches, Nature",Male,3,0
658,Zain,zain658@example.com,"Beaches, Historical",Male,1,1
659,Rabia,rabia659@example.com,"Beaches, Nature",Female,1,0
660,Noor,noor660@example.com,"City, Historical",Female,1,0
661,Maryam,maryam661@example.com,"Adventure, City",Female,3,0
662,Omar,omar662@example.com,"Beaches, Nature",Male,1,1
663,Noor,noor663@example.com,"Beaches, Historical",Female,2,1
664,Faisal,faisal664@example.com,"Nature, Adventure",Male,1,1
665,Bilal,bilal665@example.com,"Beaches, Nature",Male,3,3
666,Rabia,rabia666@example.com,"Nature, Adventure",Female,1,0
667,Hamza,hamza667@example.com,"City, Historical",Male,3,2
668,Noor,noor668@example.com,"Adventure, City",Female,2,3
669,Rabia,rabia669@example.com,"Beaches, Historical",Female,3,1
670,Amna,amna670@example.com,"Beaches, Historical",Female,1,2
671,Ayesha,ayesha671@example.com,"Adventure, City",Female,3,2
672,Maryam,maryam672@example.com,"Adventure, City",Female,4,1
673,Sara,sara673@example.com,"Beaches, Nature",Female,1,3
674,Bilal,bilal674@example.com,"Beaches, Historical",Male,4,1
675,Faisal,faisal675@example.com,"Beaches, Nature",Male,3,0
676,Noor,noor676@example.com,"City, Historical",Female,1,3
677,Ayesha,ayesha677@example.com,"Adventure, City",Female,2,3
678,Hina,hina678@example.com,"Nature, Adventure",Female,3,1
679,Omar,omar679@example.com,"Nature, Adventure",Male,2,1
680,Noor,noor680@example.com,"Nature, Adventure",Female,2,1
681,Zara,zara681@example.com,"Beaches, Historical",Female,1,0
682,Rabia,rabia682@example.com,"Beaches, Historical",Female,1,3
683,Rabia,rabia683@example.com,"City, Historical",Female,4,2
684,Zara,zara684@example.com,"Adventure, City",Female,3,3
685,Tariq,tariq685@example.com,"Nature, Adventure",Male,1,3
686,Amna,amna686@example.com,"Beaches, Historical",Female,3,3
687,Omar,omar687@example.com,"Beaches, Historical",Male,4,2
688,Ali,ali688@example.com,"Nature, Adventure",Male,4,0
689,Hina,hina689@example.com,"Adventure, City",Female,3,1
690,Noor,noor690@example.com,"City, Historical",Female,4,2
691,Zara,zara691@example.com,"Beaches, Nature",Female,4,1
692,Hina,hina692@example.com,"City, Historical",Female,4,2
693,Zara,zara693@example.com,"Adventure, City",Female,2,1
694,Bilal,bilal694@example.com,"Nature, Adventure",Male,4,3
695,Hassan,hassan695@example.com,"Nature, Adventure",Male,4,0
696,Zain,zain696@example.com,"Beaches, Nature",Male,2,2
697,Sana,sana697@example.com,"City, Historical",Female,1,3
698,Hassan,hassan698@example.com,"Beaches, Historical",Male,2,2
699,Ayesha,ayesha699@example.com,"Beaches, Nature",Female,3,2
700,Hina,hina700@example.com,"Adventure, City",Female,3,2
701,Zain,zain701@example.com,"Beaches, Historical",Male,3,1
702,Bilal,bilal702@example.com,"City, Historical",Male,3,3
703,Ayesha,ayesha703@example.com,"Beaches, Nature",Female,3,3
704,Hassan,hassan704@example.com,"City, Historical",Male,4,3
705,Ahmed,ahmed705@example.com,"Nature, Adventure",Male,3,1
706,Hina,hina706@example.com,"City, Historical",Female,3,3
707,Sara,sara707@example.com,"City, Historical",Female,4,3
708,Hassan,hassan708@example.com,"Beaches, Historical",Male,2,1
709,Ayesha,ayesha709@example.com,"Nature, Adventure",Female,2,3
710,Ahmed,ahmed710@example.com,"Beaches, Historical",Male,4,0
711,Zain,zain711@example.com,"Adventure, City",Male,1,0
712,Rabia,rabia712@example.com,"Nature, Adventure",Female,1,3
713,Noor,noor713@example.com,"Nature, Adventure",Female,3,3
714,Hassan,hassan714@example.com,"Adventure, City",Male,2,0
715,Faisal,faisal715@example.com,"City, Historical",Male,4,3
716,Amna,amna716@example.com,"Beaches, Nature",Female,2,1
717,Rabia,rabia717@example.com,"Beaches, Nature",Female,3,2
718,Amna,amna718@example.com,"Nature, Adventure",Female,1,3
719,Hina,hina719@example.com,"Beaches, Nature",Female,3,1
720,Fatima,fatima720@example.com,"Beaches, Historical",Female,2,2
721,Sara,sara721@example.com,"Adventure, City",Female,1,3
722,Sana,sana722@example.com,"Beaches, Historical",Female,4,2
723,Ali,ali723@example.com,"Adventure, City",Male,3,1
724,Amna,amna724@example.com,"Beaches, Nature",Female,4,1
725,Zain,zain725@example.com,"Beaches, Nature",Male,2,2
726,Zain,zain726@example.com,"Nature, Adventure",Male,3,2
727,Maryam,maryam727@example.com,"Nature, Adventure",Female,1,1
728,Bilal,bilal728@example.com,"Beaches, Historical",Male,4,3
729,Rabia,rabia729@example.com,"Beaches, Nature",Female,2,2
730,Hassan,hassan730@example.com,"Beaches, Historical",Male,1,1
731,Bilal,bilal731@example.com,"City, Historical",Male,2,3
732,Usman,usman732@example.com,"Beaches, Historical",Male,2,0
733,Noor,noor733@example.com,"City, Historical",Female,4,2
734,Hina,hina734@example.com,"Beaches, Nature",Female,1,2
735,Hassan,hassan735@example.com,"Beaches, Historical",Male,3,3
736,Hamza,hamza736@example.com,"Beaches, Nature",Male,2,1
737,Maryam,maryam737@example.com,"Beaches, Historical",Female,1,1
738,Sara,sara738@example.com,"Nature, Adventure",Female,1,1
739,Ayesha,ayesha739@example.com,"Adventure, City",Female,2,3
740,Sana,sana740@example.com,"City, Historical",Female,2,0
741,Bilal,bilal741@example.com,"Beaches, Nature",Male,3,1
742,Fatima,fatima742@example.com,"Nature, Adventure",Female,1,1
743,Hina,hina743@example.com,"Beaches, Historical",Female,2,2
744,Zain,zain744@example.com,"Nature, Adventure",Male,1,0
745,Rabia,rabia745@example.com,"Nature, Adventure",Female,3,0
746,Hassan,hassan746@example.com,"Beaches, Nature",Male,1,2
747,Ali,ali747@example.com,"City, Historical",Male,2,0
748,Omar,omar748@example.com,"Nature, Adventure",Male,3,2
749,Noor,noor749@example.com,"Beaches, Historical",Female,4,2
750,Bilal,bilal750@example.com,"Beaches, Historical",Male,4,3
751,Amna,amna751@example.com,"Beaches, Nature",Female,2,1
752,Hina,hina752@example.com,"Beaches, Nature",Female,3,1
753,Hamza,hamza753@example.com,"Nature, Adventure",Male,4,2
754,Amna,amna754@example.com,"City, Historical",Female,4,0
755,Zara,zara755@example.com,"Beaches, Historical",Female,3,1
756,Ayesha,ayesha756@example.com,"Adventure, City",Female,4,1
757,Amna,amna757@example.com,"Nature, Adventure",Female,3,2
758,Hina,hina758@example.com,"Beaches, Historical",Female,1,0
759,Hassan,hassan759@example.com,"Nature, Adventure",Male,1,1
760,Omar,omar760@example.com,"Nature, Adventure",Male,1,0
761,Sara,sara761@example.com,"Adventure, City",Female,3,0
762,Noor,noor762@example.com,"Adventure, City",Female,1,0
763,Omar,omar763@example.com,"Beaches, Historical",Male,4,0
764,Amna,amna764@example.com,"Beaches, Nature",Female,3,0
765,Amna,amna765@example.com,"Beaches, Historical",Female,1,2
766,Usman,usman766@example.com,"Adventure, City",Male,1,0
767,Hamza,hamza767@example.com,"Beaches, Nature",Male,2,1
768,Tariq,tariq768@example.com,"Nature, Adventure",Male,4,0
769,Sara,sara769@example.com,"Beaches, Nature",Female,1,1
770,Hamza,hamza770@example.com,"Beaches, Nature",Male,3,1
771,Hina,hina771@example.com,"City, Historical",Female,3,2
772,Maryam,maryam772@example.com,"City, Historical",Female,2,1
773,Amna,amna773@example.com,"City, Historical",Female,3,3
774,Maryam,maryam774@example.com,"Beaches, Historical",Female,1,2
775,Hamza,hamza775@example.com,"Nature, Adventure",Male,3,0
776,Noor,noor776@example.com,"Nature, Adventure",Female,3,0
777,Amna,amna777@example.com,"Adventure, City",Female,2,0
778,Omar,omar778@example.com,"City, Historical",Male,2,1
779,Hina,hina779@example.com,"Adventure, City",Female,2,1
780,Sana,sana780@example.com,"Beaches, Historical",Female,4,1
781,Faisal,faisal781@example.com,"Beaches, Nature",Male,2,3
782,Tariq,tariq782@example.com,"City, Historical",Male,1,3
783,Ali,ali783@example.com,"City, Historical",Male,3,3
784,Ayesha,ayesha784@example.com,"Nature, Adventure",Female,1,3
785,Bilal,bilal785@example.com,"Adventure, City",Male,1,2
786,Faisal,faisal786@example.com,"Adventure, City",Male,2,1
787,Zain,zain787@example.com,"Beaches, Nature",Male,1,1
788,Sana,sana788@example.com,"Beaches, Nature",Female,2,1
789,Ayesha,ayesha789@example.com,"Beaches, Nature",Female,1,3
790,Ayesha,ayesha790@example.com,"Beaches, Nature",Female,4,1
791,Omar,omar791@example.com,"Adventure, City",Male,2,3
792,Rabia,rabia792@example.com,"Nature, Adventure",Female,2,1
793,Bilal,bilal793@example.com,"Beaches, Nature",Male,3,0
794,Zain,zain794@example.com,"Beaches, Nature",Male,3,2
795,Faisal,faisal795@example.com,"City, Historical",Male,1,2
796,Faisal,faisal796@example.com,"Adventure, City",Male,4,1
797,Fatima,fatima797@example.com,"Nature, Adventure",Female,2,2
798,Ahmed,ahmed798@example.com,"Beaches, Historical",Male,1,1
799,Bilal,bilal799@example.com,"Beaches, Historical",Male,3,0
800,Sara,sara800@example.com,"Beaches, Nature",Female,1,2
801,Hamza,hamza801@example.com,"Nature, Adventure",Male,2,2
802,Rabia,rabia802@example.com,"Nature, Adventure",Female,1,3
803,Bilal,bilal803@example.com,"Nature, Adventure",Male,1,2
804,Tariq,tariq804@example.com,"City, Historical",Male,1,3
805,Ahmed,ahmed805@example.com,"Beaches, Nature",Male,3,2
806,Ali,ali806@example.com,"City, Historical",Male,4,1
807,Amna,amna807@example.com,"Beaches, Historical",Female,3,3
808,Hassan,hassan808@example.com,"Nature, Adventure",Male,4,0
809,Usman,usman809@example.com,"Adventure, City",Male,3,2
810,Maryam,maryam810@example.com,"Nature, Adventure",Female,1,2
811,Hina,hina811@example.com,"City, Historical",Female,2,2
812,Bilal,bilal812@example.com,"Beaches, Nature",Male,1,2
813,Hassan,hassan813@example.com,"City, Historical",Male,4,1
814,Zain,zain814@example.com,"Adventure, City",Male,2,3
815,Tariq,tariq815@example.com,"Nature, Adventure",Male,4,2
816,Sara,sara816@example.com,"Adventure, City",Female,2,1
817,Tariq,tariq817@example.com,"Adventure, City",Male,2,1
818,Amna,amna818@example.com,"Nature, Adventure",Female,4,1
819,Faisal,faisal819@example.com,"Beaches, Historical",Male,1,1
820,Zara,zara820@example.com,"Beaches, Historical",Female,3,3
821,Sana,sana821@example.com,"Beaches, Nature",Female,3,1
822,Ahmed,ahmed822@example.com,"Nature, Adventure",Male,2,0
823,Rabia,rabia823@example.com,"Adventure, City",Female,2,1
824,Ali,ali824@example.com,"City, Historical",Male,1,3
825,Hamza,hamza825@example.com,"Adventure, City",Male,4,2
826,Zain,zain826@example.com,"Beaches, Nature",Male,4,1
827,Usman,usman827@example.com,"Nature, Adventure",Male,1,3
828,Bilal,bilal828@example.com,"Beaches, Nature",Male,2,1
829,Ahmed,ahmed829@example.com,"Nature, Adventure",Male,4,3
830,Sara,sara830@example.com,"Nature, Adventure",Female,4,3
831,Tariq,tariq831@example.com,"Beaches, Nature",Male,3,3
832,Hamza,hamza832@example.com,"Beaches, Historical",Male,4,3
833,Usman,usman833@example.com,"Adventure, City",Male,4,0
834,Amna,amna834@example.com,"Beaches, Historical",Female,2,2
835,Maryam,maryam835@example.com,"City, Historical",Female,3,3
836,Zain,zain836@example.com,"City, Historical",Male,1,1
837,Sara,sara837@example.com,"Beaches, Historical",Female,1,1
838,Zain,zain838@example.com,"Beaches, Nature",Male,3,3
839,Hassan,hassan839@example.com,"Beaches, Nature",Male,2,3
840,Bilal,bilal840@example.com,"City, Historical",Male,2,0
841,Ahmed,ahmed841@example.com,"Beaches, Nature",Male,3,0
842,Amna,amna842@example.com,"Adventure, City",Female,2,3
843,Fatima,fatima843@example.com,"Nature, Adventure",Female,3,1
844,Hassan,hassan844@example.com,"Nature, Adventure",Male,1,3
845,Sana,sana845@example.com,"Beaches, Nature",Female,3,1
846,Hassan,hassan846@example.com,"Nature, Adventure",Male,1,2
847,Omar,omar847@example.com,"Beaches, Nature",Male,4,0
848,Noor,noor848@example.com,"Nature, Adventure",Female,4,3
849,Sara,sara849@example.com,"Beaches, Historical",Female,1,1
850,Rabia,rabia850@example.com,"Adventure, City",Female,2,0
851,Hassan,hassan851@example.com,"Beaches, Historical",Male,3,0
852,Ali,ali852@example.com,"Adventure, City",Male,3,2
853,Ali,ali853@example.com,"Beaches, Historical",Male,4,1
854,Bilal,bilal854@example.com,"Adventure, City",Male,2,3
855,Fatima,fatima855@example.com,"Beaches, Historical",Female,3,2
856,Maryam,maryam856@example.com,"Beaches, Historical",Female,4,0
857,Sara,sara857@example.com,"Nature, Adventure",Female,1,2
858,Amna,amna858@example.com,"Beaches, Nature",Female,2,1
859,Ahmed,ahmed859@example.com,"Adventure, City",Male,1,3
860,Maryam,maryam860@example.com,"Adventure, City",Female,3,2
861,Zara,zara861@example.com,"Adventure, City",Female,4,3
862,Zara,zara862@example.com,"Adventure, City",Female,2,2
863,Ali,ali863@example.com,"Beaches, Historical",Male,1,3
864,Usman,usman864@example.com,"Adventure, City",Male,4,3
865,Faisal,faisal865@example.com,"City, Historical",Male,2,0
866,Bilal,bilal866@example.com,"City, Historical",Male,1,2
867,Amna,amna867@example.com,"Adventure, City",Female,3,0
868,Faisal,faisal868@example.com,"City, Historical",Male,4,0
869,Usman,usman869@example.com,"City, Historical",Male,3,3
870,Fatima,fatima870@example.com,"Nature, Adventure",Female,4,1
871,Amna,amna871@example.com,"City, Historical",Female,4,3
872,Hamza,hamza872@example.com,"City, Historical",Male,3,0
873,Tariq,tariq873@example.com,"City, Historical",Male,3,0
874,Bilal,bilal874@example.com,"Beaches, Historical",Male,3,3
875,Tariq,tariq875@example.com,"Adventure, City",Male,4,1
876,Bilal,bilal876@example.com,"City, Historical",Male,1,2
877,Ayesha,ayesha877@example.com,"Beaches, Nature",Female,2,2
878,Sana,sana878@example.com,"Nature, Adventure",Female,3,1
879,Faisal,faisal879@example.com,"Beaches, Historical",Male,2,0
880,Amna,amna880@example.com,"Beaches, Historical",Female,4,1
881,Faisal,faisal881@example.com,"Beaches, Nature",Male,3,2
882,Ahmed,ahmed882@example.com,"Adventure, City",Male,2,1
883,Omar,omar883@example.com,"Beaches, Nature",Male,1,0
884,Fatima,fatima884@example.com,"Adventure, City",Female,1,2
885,Fatima,fatima885@example.com,"Beaches, Historical",Female,3,0
886,Noor,noor886@example.com,"City, Historical",Female,2,1
887,Sana,sana887@example.com,"Adventure, City",Female,3,3
888,Bilal,bilal888@example.com,"Nature, Adventure",Male,2,2
889,Ali,ali889@example.com,"Adventure, City",Male,1,1
890,Amna,amna890@example.com,"City, Historical",Female,3,1
891,Rabia,rabia891@example.com,"Nature, Adventure",Female,2,0
892,Rabia,rabia892@example.com,"City, Historical",Female,4,0
893,Ali,ali893@example.com,"Beaches, Nature",Male,1,0
894,Fatima,fatima894@example.com,"Beaches, Historical",Female,4,3
895,Tariq,tariq895@example.com,"Adventure, City",Male,4,2
896,Hina,hina896@example.com,"Nature, Adventure",Female,1,3
897,Ahmed,ahmed897@example.com,"Beaches, Nature",Male,1,3
898,Sara,sara898@example.com,"Beaches, Nature",Female,2,1
899,Tariq,tariq899@example.com,"City, Historical",Male,3,3
900,Faisal,faisal900@example.com,"City, Historical",Male,4,3
901,Ahmed,ahmed901@example.com,"Beaches, Nature",Male,1,2
902,Sara,sara902@example.com,"Nature, Adventure",Female,3,2
903,Hamza,hamza903@example.com,"Beaches, Historical",Male,4,0
904,Amna,amna904@example.com,"Beaches, Historical",Female,3,3
905,Rabia,rabia905@example.com,"Beaches, Nature",Female,2,1
906,Omar,omar906@example.com,"Beaches, Nature",Male,1,2
907,Tariq,tariq907@example.com,"Beaches, Nature",Male,4,2
908,Hassan,hassan908@example.com,"Beaches, Historical",Male,4,0
909,Hina,hina909@example.com,"Adventure, City",Female,1,3
910,Bilal,bilal910@example.com,"Beaches, Nature",Male,1,0
911,Hina,hina911@example.com,"Beaches, Nature",Female,1,0
912,Hassan,hassan912@example.com,"Adventure, City",Male,1,1
913,Omar,omar913@example.com,"Adventure, City",Male,3,3
914,Noor,noor914@example.com,"Nature, Adventure",Female,3,2
915,Maryam,maryam915@example.com,"City, Historical",Female,1,0
916,Zara,zara916@example.com,"City, Historical",Female,1,2
917,Ali,ali917@example.com,"Adventure, City",Male,3,0
918,Fatima,fatima918@example.com,"Nature, Adventure",Female,4,3
919,Maryam,maryam919@example.com,"Beaches, Nature",Female,4,3
920,Hassan,hassan920@example.com,"Beaches, Nature",Male,2,1
921,Hina,hina921@example.com,"Beaches, Nature",Female,2,2
922,Hassan,hassan922@example.com,"Beaches, Historical",Male,1,0
923,Omar,omar923@example.com,"Beaches, Nature",Male,2,0
924,Zain,zain924@example.com,"Beaches, Nature",Male,4,1
925,Amna,amna925@example.com,"Beaches, Nature",Female,4,3
926,Noor,noor926@example.com,"Nature, Adventure",Female,4,0
927,Noor,noor927@example.com,"Adventure, City",Female,3,3
928,Fatima,fatima928@example.com,"Beaches, Historical",Female,4,2
929,Tariq,tariq929@example.com,"Beaches, Nature",Male,1,1
930,Sara,sara930@example.com,"Adventure, City",Female,1,0
931,Omar,omar931@example.com,"Beaches, Historical",Male,3,0
932,Amna,amna932@example.com,"Beaches, Historical",Female,4,3
933,Rabia,rabia933@example.com,"City, Historical",Female,4,2
934,Sana,sana934@example.com,"Nature, Adventure",Female,1,2
935,Fatima,fatima935@example.com,"Beaches, Nature",Female,2,0
936,Rabia,rabia936@example.com,"Beaches, Historical",Female,3,3
937,Hassan,hassan937@example.com,"Adventure, City",Male,1,2
938,Zara,zara938@example.com,"Adventure, City",Female,3,2
939,Fatima,fatima939@example.com,"Beaches, Historical",Female,2,1
940,Hina,hina940@example.com,"Nature, Adventure",Female,3,1
941,Zara,zara941@example.com,"Adventure, City",Female,1,2
942,Hassan,hassan942@example.com,"Adventure, City",Male,2,3
943,Maryam,maryam943@example.com,"Nature, Adventure",Female,4,1
944,Tariq,tariq944@example.com,"City, Historical",Male,1,2
945,Ali,ali945@example.com,"Nature, Adventure",Male,4,3
946,Sana,sana946@example.com,"Beaches, Nature",Female,2,3
947,Sara,sara947@example.com,"City, Historical",Female,2,3
948,Bilal,bilal948@example.com,"Beaches, Nature",Male,4,2
949,Ahmed,ahmed949@example.com,"Adventure, City",Male,3,3
950,Hina,hina950@example.com,"City, Historical",Female,3,0
951,Rabia,rabia951@example.com,"Beaches, Nature",Female,4,1
952,Hamza,hamza952@example.com,"City, Historical",Male,2,2
953,Ali,ali953@example.com,"Beaches, Historical",Male,1,3
954,Hamza,hamza954@example.com,"Beaches, Historical",Male,4,2
955,Bilal,bilal955@example.com,"City, Historical",Male,2,0
956,Tariq,tariq956@example.com,"Beaches, Historical",Male,1,1
957,Ahmed,ahmed957@example.com,"Beaches, Historical",Male,2,3
958,Ahmed,ahmed958@example.com,"Nature, Adventure",Male,3,2
959,Ayesha,ayesha959@example.com,"Beaches, Nature",Female,3,3
960,Sana,sana960@example.com,"Nature, Adventure",Female,1,2
961,Zain,zain961@example.com,"Beaches, Nature",Male,3,0
962,Sana,sana962@example.com,"Nature, Adventure",Female,4,0
963,Noor,noor963@example.com,"Adventure, City",Female,4,1
964,Ayesha,ayesha964@example.com,"Nature, Adventure",Female,4,1
965,Omar,omar965@example.com,"City, Historical",Male,1,0
966,Ahmed,ahmed966@example.com,"Adventure, City",Male,3,3
967,Omar,omar967@example.com,"Nature, Adventure",Male,1,0
968,Sana,sana968@example.com,"Nature, Adventure",Female,3,3
969,Hamza,hamza969@example.com,"Beaches, Nature",Male,4,3
970,Ayesha,ayesha970@example.com,"Adventure, City",Female,2,0
971,Sara,sara971@example.com,"Beaches, Historical",Female,3,2
972,Maryam,maryam972@example.com,"Beaches, Historical",Female,1,2
973,Ayesha,ayesha973@example.com,"Beaches, Nature",Female,3,1
974,Hamza,hamza974@example.com,"Beaches, Historical",Male,4,1
975,Maryam,maryam975@example.com,"Beaches, Historical",Female,3,3
976,Omar,omar976@example.com,"Nature, Adventure",Male,2,0
977,Ali,ali977@example.com,"Adventure, City",Male,2,3
978,Ayesha,ayesha978@example.com,"Adventure, City",Female,3,3
979,Fatima,fatima979@example.com,"Beaches, Historical",Female,3,0
980,Fatima,fatima980@example.com,"Beaches, Nature",Female,1,1
981,Amna,amna981@example.com,"Nature, Adventure",Female,2,0
982,Hassan,hassan982@example.com,"Beaches, Nature",Male,1,3
983,Usman,usman983@example.com,"Nature, Adventure",Male,1,1
984,Bilal,bilal984@example.com,"Beaches, Historical",Male,4,1
985,Ahmed,ahmed985@example.com,"Beaches, Historical",Male,4,1
986,Usman,usman986@example.com,"Beaches, Nature",Male,3,3
987,Ayesha,ayesha987@example.com,"Adventure, City",Female,2,2
988,Ali,ali988@example.com,"Adventure, City",Male,2,2
989,Ahmed,ahmed989@example.com,"City, Historical",Male,2,3
990,Faisal,faisal990@example.com,"Adventure, City",Male,2,3
991,Tariq,tariq991@example.com,"Beaches, Historical",Male,2,0
992,Zara,zara992@example.com,"Beaches, Historical",Female,4,0
993,Ali,ali993@example.com,"Nature, Adventure",Male,1,2
994,Sara,sara994@example.com,"Nature, Adventure",Female,2,1
995,Amna,amna995@example.com,"Beaches, Nature",Female,4,1
996,Tariq,tariq996@example.com,"Beaches, Historical",Male,2,3
997,Bilal,bilal997@example.com,"City, Historical",Male,4,0
998,Usman,usman998@example.com,"Beaches, Historical",Male,1,2
999,Omar,omar999@example.com,"Nature, Adventure",Male,3,0
