WeatherID,DestinationID,Month,AvgTemp,MaxTemp,MinTemp,Rainfall,Humidity,WindSpeed,BestForTourism
1,1,Jan,21,26,10,99.1,71,17.0,No
2,1,Feb,28,33,15,483.0,40,13.5,Yes
3,1,Mar,32,27,19,490.8,60,9.3,Yes
4,1,Apr,34,35,23,429.4,34,22.6,Yes
5,1,May,18,26,22,197.4,34,17.1,No
6,1,Jun,32,30,14,70.2,46,28.7,No
7,1,Jul,18,38,24,158.5,43,19.2,Yes
8,1,Aug,23,36,12,453.0,60,6.1,Yes
9,1,Sep,19,30,9,35.1,37,26.2,Yes
10,1,Oct,23,31,12,463.4,44,17.9,Yes
11,1,Nov,33,41,14,253.0,60,18.6,No
12,1,Dec,17,27,22,178.5,49,11.0,Yes
13,2,Jan,29,31,14,430.3,58,28.3,No
14,2,Feb,29,42,8,453.4,32,16.5,Yes
15,2,Mar,15,39,5,415.6,48,17.2,No
16,2,Apr,33,37,16,42.8,42,28.6,Yes
17,2,May,26,44,16,387.7,71,22.4,Yes
18,2,Jun,23,26,11,356.5,73,17.3,Yes
19,2,Jul,22,25,22,374.7,61,21.4,Yes
20,2,Aug,24,28,5,468.6,34,14.3,No
21,2,Sep,21,41,10,360.3,44,5.8,No
22,2,Oct,20,26,21,133.8,33,29.1,Yes
23,2,Nov,16,38,19,265.6,65,18.7,Yes
24,2,Dec,27,36,7,164.8,75,17.7,No
25,3,Jan,18,32,7,280.0,57,24.2,Yes
26,3,Feb,21,33,16,20.0,75,10.3,Yes
27,3,Mar,34,38,12,5.5,33,11.8,Yes
28,3,Apr,20,30,7,52.0,32,20.9,No
29,3,May,32,25,20,320.8,39,26.5,Yes
30,3,Jun,26,36,17,407.9,61,28.4,Yes
31,3,Jul,18,39,16,185.5,50,27.2,Yes
32,3,Aug,23,25,16,224.0,35,15.3,Yes
33,3,Sep,25,27,14,339.4,35,14.6,Yes
34,3,Oct,24,30,21,102.2,43,5.5,Yes
35,3,Nov,16,33,16,7.1,60,26.4,No
36,3,Dec,34,35,16,216.8,48,25.8,No
37,4,Jan,25,39,22,331.4,78,6.8,Yes
38,4,Feb,28,36,7,380.9,69,13.8,Yes
39,4,Mar,31,43,20,313.0,44,20.6,No
40,4,Apr,26,34,18,470.2,60,12.0,No
41,4,May,23,39,18,361.9,38,20.8,Yes
42,4,Jun,22,32,23,45.3,59,28.0,Yes
43,4,Jul,26,40,8,310.8,30,9.7,Yes
44,4,Aug,25,29,22,150.9,47,10.7,No
45,4,Sep,15,42,18,4.0,35,24.4,No
46,4,Oct,30,36,24,19.2,52,12.3,No
47,4,Nov,30,42,12,465.9,32,6.6,Yes
48,4,Dec,20,32,17,421.0,67,11.7,Yes
49,5,Jan,24,41,5,55.3,74,9.7,Yes
50,5,Feb,25,42,7,9.7,34,19.7,No
51,5,Mar,27,30,15,481.4,56,14.0,Yes
52,5,Apr,31,35,19,491.5,46,27.5,No
53,5,May,15,32,9,17.0,37,12.6,Yes
54,5,Jun,29,28,16,337.1,43,20.9,Yes
55,5,Jul,21,39,17,45.0,73,21.6,No
56,5,Aug,27,27,19,122.3,36,24.0,No
57,5,Sep,33,38,24,446.3,69,10.6,No
58,5,Oct,34,42,22,220.2,51,10.6,Yes
59,5,Nov,16,32,15,426.6,42,5.3,Yes
60,5,Dec,31,31,13,205.1,31,15.8,No
61,6,Jan,16,32,22,322.6,43,6.3,Yes
62,6,Feb,22,38,12,254.4,45,6.5,No
63,6,Mar,23,42,7,301.1,44,8.3,Yes
64,6,Apr,22,26,21,289.5,66,5.5,Yes
65,6,May,33,27,21,418.5,75,25.7,No
66,6,Jun,30,28,5,82.3,79,16.6,No
67,6,Jul,32,40,14,84.9,51,23.0,Yes
68,6,Aug,33,25,7,219.0,38,9.4,Yes
69,6,Sep,15,34,21,482.2,44,19.9,Yes
70,6,Oct,29,31,19,160.0,71,15.7,Yes
71,6,Nov,17,39,7,364.5,62,18.9,No
72,6,Dec,31,32,22,288.9,39,25.0,Yes
73,7,Jan,26,44,21,95.4,64,16.7,No
74,7,Feb,26,26,6,156.7,39,20.1,Yes
75,7,Mar,15,28,8,218.1,60,15.2,No
76,7,Apr,26,34,17,306.0,51,20.9,No
77,7,May,17,44,17,441.6,68,16.3,Yes
78,7,Jun,20,28,19,295.1,34,17.2,Yes
79,7,Jul,23,44,14,59.8,33,7.5,Yes
80,7,Aug,15,41,17,152.7,36,19.5,Yes
81,7,Sep,26,27,19,381.3,62,28.5,Yes
82,7,Oct,16,32,5,294.7,33,14.2,Yes
83,7,Nov,34,33,17,232.2,54,20.9,Yes
84,7,Dec,16,40,24,450.4,56,7.9,No
85,8,Jan,21,27,21,242.1,53,22.6,Yes
86,8,Feb,17,39,22,87.1,61,11.9,Yes
87,8,Mar,34,32,18,50.3,49,10.8,Yes
88,8,Apr,27,25,24,278.4,54,14.8,No
89,8,May,31,37,14,106.2,77,15.0,Yes
90,8,Jun,23,39,17,111.5,74,29.7,Yes
91,8,Jul,27,41,19,208.9,44,18.9,Yes
92,8,Aug,18,27,6,171.7,39,19.3,Yes
93,8,Sep,32,40,15,273.0,41,29.1,Yes
94,8,Oct,32,38,5,498.8,44,13.5,Yes
95,8,Nov,28,25,13,251.4,52,6.1,Yes
96,8,Dec,20,43,24,87.1,32,14.4,No
97,9,Jan,19,41,8,354.4,45,10.4,No
98,9,Feb,15,42,12,126.2,44,29.1,No
99,9,Mar,24,44,10,450.6,63,13.8,No
100,9,Apr,24,28,16,253.2,49,23.6,No
101,9,May,18,31,14,36.5,41,16.3,Yes
102,9,Jun,30,29,23,60.9,55,28.8,No
103,9,Jul,21,33,17,231.9,77,20.2,Yes
104,9,Aug,32,44,12,158.4,50,15.4,No
105,9,Sep,20,28,15,131.7,32,19.8,No
106,9,Oct,29,38,11,362.1,48,12.2,Yes
107,9,Nov,17,42,24,152.8,64,7.7,No
108,9,Dec,21,31,9,319.8,76,11.1,No
109,10,Jan,18,32,17,160.4,44,12.4,Yes
110,10,Feb,18,35,22,75.5,59,10.4,Yes
111,10,Mar,30,39,12,159.2,63,22.6,Yes
112,10,Apr,23,29,23,83.6,32,7.2,Yes
113,10,May,24,29,7,108.7,68,13.0,No
114,10,Jun,32,32,5,137.0,65,24.8,Yes
115,10,Jul,28,37,14,380.3,61,16.6,Yes
116,10,Aug,30,42,12,455.4,40,22.5,No
117,10,Sep,26,30,17,418.0,30,29.7,Yes
118,10,Oct,25,38,14,50.1,68,18.2,Yes
119,10,Nov,32,34,23,290.2,44,28.8,Yes
120,10,Dec,32,41,14,228.0,70,12.5,Yes
121,11,Jan,23,38,17,21.8,67,19.4,Yes
122,11,Feb,33,27,18,168.4,70,23.7,Yes
123,11,Mar,30,42,6,109.9,46,19.5,No
124,11,Apr,16,26,13,374.3,50,28.7,Yes
125,11,May,26,33,11,223.5,55,12.0,Yes
126,11,Jun,26,44,13,22.5,58,16.6,Yes
127,11,Jul,25,36,7,247.8,51,18.9,Yes
128,11,Aug,16,37,8,498.4,52,11.4,No
129,11,Sep,17,41,18,280.5,40,10.2,Yes
130,11,Oct,16,26,9,155.7,55,23.8,Yes
131,11,Nov,34,34,24,284.7,56,23.6,No
132,11,Dec,20,35,6,248.3,50,16.9,Yes
133,12,Jan,18,37,22,439.5,54,22.9,No
134,12,Feb,33,41,5,155.3,30,6.0,No
135,12,Mar,29,42,11,122.0,61,22.9,No
136,12,Apr,18,25,5,199.6,30,26.7,No
137,12,May,29,30,6,254.6,74,6.9,Yes
138,12,Jun,25,43,12,215.9,45,21.6,Yes
139,12,Jul,29,41,15,4.2,44,29.1,No
140,12,Aug,33,32,19,153.0,34,6.1,No
141,12,Sep,26,37,13,487.6,57,22.8,No
142,12,Oct,26,25,24,289.5,59,21.0,Yes
143,12,Nov,31,28,18,366.4,32,16.2,Yes
144,12,Dec,25,34,6,66.3,33,24.5,No
145,13,Jan,22,38,8,289.0,58,23.1,No
146,13,Feb,18,27,24,483.5,52,28.5,No
147,13,Mar,30,44,12,408.2,42,19.2,No
148,13,Apr,34,40,8,46.2,67,19.7,Yes
149,13,May,27,29,19,169.9,36,11.1,Yes
150,13,Jun,32,34,22,459.8,68,23.5,Yes
151,13,Jul,19,25,18,46.7,54,7.4,Yes
152,13,Aug,31,30,19,335.3,77,14.0,Yes
153,13,Sep,29,27,10,157.1,37,12.2,Yes
154,13,Oct,27,44,19,395.1,53,18.3,No
155,13,Nov,20,25,6,404.6,42,19.6,Yes
156,13,Dec,18,26,24,227.2,78,13.3,Yes
157,14,Jan,26,25,5,213.3,46,8.5,No
158,14,Feb,23,36,8,84.9,36,8.0,Yes
159,14,Mar,15,25,24,148.9,71,14.9,Yes
160,14,Apr,29,27,13,168.5,42,6.7,Yes
161,14,May,21,35,15,487.4,42,7.4,Yes
162,14,Jun,33,43,23,390.0,51,10.7,No
163,14,Jul,28,36,15,101.6,77,20.4,No
164,14,Aug,19,40,16,121.4,67,10.8,No
165,14,Sep,18,37,14,225.2,43,5.5,Yes
166,14,Oct,32,27,21,407.8,53,9.1,No
167,14,Nov,30,29,8,259.0,74,7.3,Yes
168,14,Dec,26,25,24,185.0,70,13.4,No
169,15,Jan,26,32,22,341.9,72,6.2,Yes
170,15,Feb,16,27,8,164.6,39,28.9,Yes
171,15,Mar,16,36,9,423.6,52,19.7,Yes
172,15,Apr,26,36,20,309.3,39,11.2,Yes
173,15,May,18,43,15,215.5,31,16.2,Yes
174,15,Jun,23,32,24,286.4,50,15.7,Yes
175,15,Jul,17,29,13,387.4,33,5.9,Yes
176,15,Aug,29,26,17,202.9,36,5.1,Yes
177,15,Sep,21,42,24,40.0,34,23.0,No
178,15,Oct,22,33,19,452.2,34,24.8,No
179,15,Nov,15,39,22,437.1,30,20.6,No
180,15,Dec,25,37,6,35.4,69,22.6,Yes
181,16,Jan,26,35,10,30.2,31,19.1,Yes
182,16,Feb,17,42,5,169.3,30,29.0,No
183,16,Mar,20,40,16,393.1,59,18.9,No
184,16,Apr,16,31,15,226.6,32,20.3,Yes
185,16,May,31,40,7,404.2,76,21.0,Yes
186,16,Jun,24,44,13,254.9,75,25.3,Yes
187,16,Jul,20,29,7,289.4,38,9.7,No
188,16,Aug,25,36,7,488.6,67,20.9,Yes
189,16,Sep,27,43,11,478.9,64,28.0,Yes
190,16,Oct,32,32,13,335.6,71,19.7,Yes
191,16,Nov,32,26,7,144.5,48,6.7,Yes
192,16,Dec,28,37,13,317.1,71,26.2,Yes
193,17,Jan,33,29,15,436.5,65,6.2,No
194,17,Feb,32,42,5,56.4,31,12.5,Yes
195,17,Mar,18,25,23,213.3,30,28.9,Yes
196,17,Apr,18,31,11,447.8,79,6.9,Yes
197,17,May,24,38,18,380.0,40,16.3,Yes
198,17,Jun,33,31,22,461.6,72,29.7,Yes
199,17,Jul,16,28,14,116.1,62,7.9,No
200,17,Aug,24,37,5,307.8,38,20.0,Yes
201,17,Sep,32,25,7,324.2,78,24.5,Yes
202,17,Oct,20,41,12,243.7,36,6.8,Yes
203,17,Nov,22,33,19,259.7,76,14.8,No
204,17,Dec,32,25,11,273.6,73,25.1,Yes
205,18,Jan,30,40,9,223.3,67,14.1,No
206,18,Feb,30,33,17,212.3,55,20.1,Yes
207,18,Mar,22,28,23,301.9,66,6.8,Yes
208,18,Apr,15,44,13,216.9,36,9.7,No
209,18,May,31,37,16,426.0,37,25.1,No
210,18,Jun,27,35,12,251.3,74,8.3,Yes
211,18,Jul,22,41,17,466.9,61,24.4,Yes
212,18,Aug,21,27,23,491.6,38,17.3,No
213,18,Sep,29,25,10,37.6,54,16.7,No
214,18,Oct,17,41,20,167.7,78,11.4,Yes
215,18,Nov,23,36,23,55.7,54,16.8,Yes
216,18,Dec,28,38,10,264.8,31,29.8,No
217,19,Jan,18,40,18,337.0,70,7.3,No
218,19,Feb,20,25,11,104.7,69,24.4,Yes
219,19,Mar,15,31,17,3.9,62,19.9,No
220,19,Apr,28,28,16,495.1,46,15.3,Yes
221,19,May,34,44,16,34.3,39,14.1,Yes
222,19,Jun,22,33,24,20.4,35,14.8,Yes
223,19,Jul,23,35,20,243.9,44,23.2,Yes
224,19,Aug,21,36,8,298.9,35,12.3,No
225,19,Sep,17,41,15,202.1,61,16.7,No
226,19,Oct,29,41,22,215.5,41,14.6,Yes
227,19,Nov,30,39,19,312.8,73,11.8,Yes
228,19,Dec,23,28,9,359.8,37,25.5,Yes
229,20,Jan,28,29,20,107.8,32,15.0,Yes
230,20,Feb,29,42,12,484.7,31,5.2,Yes
231,20,Mar,22,28,23,56.3,47,21.4,No
232,20,Apr,15,44,19,441.2,73,9.5,Yes
233,20,May,15,31,6,396.6,60,29.3,No
234,20,Jun,33,25,5,432.4,79,25.3,No
235,20,Jul,19,33,16,97.0,40,26.4,No
236,20,Aug,24,26,11,248.4,31,25.3,Yes
237,20,Sep,23,32,15,168.7,49,6.3,Yes
238,20,Oct,29,26,5,177.7,74,24.1,Yes
239,20,Nov,19,27,8,142.4,45,28.4,Yes
240,20,Dec,34,27,10,263.6,45,5.4,Yes
241,21,Jan,29,30,6,228.1,78,5.4,Yes
242,21,Feb,18,44,20,130.4,55,29.0,No
243,21,Mar,24,36,13,413.7,41,20.0,No
244,21,Apr,28,26,20,371.9,64,20.9,No
245,21,May,32,28,19,35.9,71,10.4,Yes
246,21,Jun,19,44,16,282.7,41,10.3,Yes
247,21,Jul,32,41,23,0.7,63,19.3,Yes
248,21,Aug,27,29,10,416.1,66,18.9,Yes
249,21,Sep,25,31,22,31.5,39,5.4,No
250,21,Oct,29,39,16,165.8,79,12.6,No
251,21,Nov,26,28,17,116.0,45,8.9,Yes
252,21,Dec,29,36,9,347.5,79,16.5,Yes
253,22,Jan,20,36,22,150.3,49,14.0,No
254,22,Feb,32,38,7,485.0,56,24.1,Yes
255,22,Mar,17,31,10,297.4,30,8.4,Yes
256,22,Apr,34,42,13,340.8,33,15.0,Yes
257,22,May,22,39,19,415.1,51,14.6,No
258,22,Jun,34,40,7,105.8,31,6.6,No
259,22,Jul,19,26,23,258.1,63,7.3,Yes
260,22,Aug,34,42,24,313.3,43,24.1,Yes
261,22,Sep,25,31,16,93.4,31,14.4,Yes
262,22,Oct,29,35,10,100.7,71,13.0,Yes
263,22,Nov,21,35,18,391.5,45,29.7,Yes
264,22,Dec,18,25,19,232.3,34,11.8,Yes
265,23,Jan,26,39,13,95.9,70,13.3,Yes
266,23,Feb,27,28,17,330.9,74,11.4,No
267,23,Mar,19,30,9,399.6,34,22.0,Yes
268,23,Apr,34,32,13,262.7,49,20.3,Yes
269,23,May,25,29,13,392.5,56,19.7,Yes
270,23,Jun,15,27,7,192.9,59,23.1,No
271,23,Jul,29,30,18,329.8,78,17.4,No
272,23,Aug,23,35,17,49.3,48,7.4,No
273,23,Sep,30,33,24,453.4,61,20.9,Yes
274,23,Oct,17,37,15,116.8,71,14.8,No
275,23,Nov,32,42,11,347.7,77,24.4,Yes
276,23,Dec,15,43,7,235.4,65,8.2,No
277,24,Jan,33,41,21,447.8,43,24.4,No
278,24,Feb,17,32,14,493.2,69,7.0,No
279,24,Mar,21,33,16,321.4,38,28.5,No
280,24,Apr,24,28,13,239.5,34,19.4,Yes
281,24,May,22,34,15,281.4,49,18.4,Yes
282,24,Jun,24,31,13,283.9,71,22.0,Yes
283,24,Jul,28,41,17,205.5,53,7.1,No
284,24,Aug,22,36,5,470.9,47,10.8,Yes
285,24,Sep,27,34,19,396.9,32,20.1,Yes
286,24,Oct,25,44,10,418.0,78,9.0,Yes
287,24,Nov,16,30,9,431.7,31,23.8,No
288,24,Dec,28,32,18,364.4,77,16.0,Yes
289,25,Jan,20,39,21,460.7,61,20.4,Yes
290,25,Feb,29,36,23,113.8,71,17.9,Yes
291,25,Mar,16,28,13,125.3,74,25.9,Yes
292,25,Apr,33,43,20,129.4,37,6.1,No
293,25,May,17,35,22,238.2,56,16.4,No
294,25,Jun,20,39,18,320.2,44,18.8,No
295,25,Jul,31,43,21,262.5,55,25.9,Yes
296,25,Aug,19,28,16,453.6,60,28.2,Yes
297,25,Sep,32,41,14,153.0,40,14.8,Yes
298,25,Oct,16,33,23,465.4,31,23.4,Yes
299,25,Nov,19,35,11,291.4,62,9.7,Yes
300,25,Dec,24,32,12,375.0,35,5.5,No
301,26,Jan,29,25,24,401.0,34,21.4,Yes
302,26,Feb,34,38,12,257.0,30,8.8,Yes
303,26,Mar,19,44,23,313.8,30,12.7,No
304,26,Apr,25,31,21,305.7,58,25.5,No
305,26,May,32,42,14,462.2,52,10.2,No
306,26,Jun,29,44,8,9.2,30,25.0,No
307,26,Jul,28,43,22,179.6,35,29.4,No
308,26,Aug,19,31,5,97.2,30,11.9,No
309,26,Sep,34,27,5,29.0,74,23.6,Yes
310,26,Oct,20,30,12,305.7,52,12.4,No
311,26,Nov,19,27,8,89.3,75,29.0,Yes
312,26,Dec,24,40,21,145.7,73,28.3,No
313,27,Jan,32,44,10,300.2,52,28.7,No
314,27,Feb,27,36,24,328.3,32,22.2,Yes
315,27,Mar,24,41,19,445.9,33,8.7,Yes
316,27,Apr,31,25,11,442.0,47,18.4,Yes
317,27,May,29,31,21,263.8,35,10.2,Yes
318,27,Jun,25,41,22,167.1,55,15.0,Yes
319,27,Jul,34,32,15,265.6,60,21.6,Yes
320,27,Aug,23,25,5,37.7,73,18.2,Yes
321,27,Sep,34,36,21,273.3,79,12.4,Yes
322,27,Oct,28,39,13,57.0,39,7.0,Yes
323,27,Nov,33,41,15,280.8,79,9.2,Yes
324,27,Dec,32,44,22,435.9,32,27.2,No
325,28,Jan,19,39,18,19.5,38,26.6,Yes
326,28,Feb,24,32,24,276.4,41,12.3,Yes
327,28,Mar,23,27,23,266.1,35,17.7,Yes
328,28,Apr,19,38,6,124.3,73,14.0,Yes
329,28,May,34,39,24,400.3,54,27.0,Yes
330,28,Jun,32,29,16,84.9,67,12.1,Yes
331,28,Jul,20,36,19,55.2,63,10.4,Yes
332,28,Aug,27,28,10,424.7,50,12.8,Yes
333,28,Sep,21,39,21,446.6,67,30.0,No
334,28,Oct,22,40,9,99.7,75,8.4,Yes
335,28,Nov,17,38,11,118.8,30,7.8,Yes
336,28,Dec,30,37,10,80.4,50,5.9,No
337,29,Jan,16,43,24,32.6,69,26.3,No
338,29,Feb,34,26,19,155.3,64,27.7,Yes
339,29,Mar,28,27,5,191.8,63,8.9,No
340,29,Apr,18,37,13,487.2,79,24.7,Yes
341,29,May,30,27,15,308.8,77,9.5,Yes
342,29,Jun,17,28,17,18.1,70,21.0,Yes
343,29,Jul,30,44,9,291.1,39,23.7,Yes
344,29,Aug,34,42,15,1.8,73,11.4,Yes
345,29,Sep,15,34,5,237.8,68,7.5,No
346,29,Oct,31,27,20,182.9,47,20.9,Yes
347,29,Nov,25,44,13,476.8,37,10.2,Yes
348,29,Dec,15,39,22,75.1,75,8.8,Yes
349,30,Jan,22,27,23,293.4,76,14.6,No
350,30,Feb,23,40,17,97.2,70,14.0,Yes
351,30,Mar,29,30,15,190.8,37,21.9,Yes
352,30,Apr,31,42,8,135.9,76,25.4,Yes
353,30,May,22,44,11,136.5,48,26.4,Yes
354,30,Jun,28,40,18,171.5,58,24.0,Yes
355,30,Jul,28,38,24,84.9,64,27.7,Yes
356,30,Aug,23,37,12,488.7,58,16.5,No
357,30,Sep,16,44,19,187.5,71,25.9,No
358,30,Oct,33,31,17,86.8,30,6.1,No
359,30,Nov,28,25,20,364.4,65,13.3,Yes
360,30,Dec,22,27,11,21.7,31,27.8,Yes
361,31,Jan,21,44,22,433.4,53,22.6,No
362,31,Feb,22,26,6,131.6,62,29.9,Yes
363,31,Mar,27,43,15,33.2,68,16.8,No
364,31,Apr,30,39,24,363.4,52,21.8,Yes
365,31,May,17,28,16,0.9,60,7.1,No
366,31,Jun,24,30,10,457.4,33,22.6,No
367,31,Jul,22,31,23,49.5,74,18.4,Yes
368,31,Aug,16,34,17,280.9,40,25.8,Yes
369,31,Sep,19,27,23,276.7,34,16.8,No
370,31,Oct,23,41,12,93.6,34,26.2,No
371,31,Nov,17,30,18,479.5,72,12.6,No
372,31,Dec,29,36,10,40.5,45,29.9,Yes
373,32,Jan,17,27,9,178.2,78,7.5,No
374,32,Feb,21,39,11,270.9,59,21.3,Yes
375,32,Mar,34,33,13,315.8,39,5.8,Yes
376,32,Apr,34,33,23,470.3,44,14.0,Yes
377,32,May,22,34,14,435.4,38,16.0,No
378,32,Jun,18,27,14,54.7,52,26.3,Yes
379,32,Jul,24,26,13,103.7,63,28.3,No
380,32,Aug,18,42,16,481.1,38,18.2,No
381,32,Sep,31,26,12,169.6,68,13.4,No
382,32,Oct,31,31,24,157.8,52,13.5,No
383,32,Nov,20,36,19,47.4,67,28.7,No
384,32,Dec,23,32,18,162.7,37,9.6,No
385,33,Jan,20,27,7,10.7,58,18.6,Yes
386,33,Feb,32,33,19,300.7,55,26.3,Yes
387,33,Mar,32,28,17,450.7,67,24.3,No
388,33,Apr,34,29,24,278.8,43,23.0,No
389,33,May,29,43,5,117.2,79,28.6,Yes
390,33,Jun,28,33,12,485.6,45,12.8,Yes
391,33,Jul,20,41,20,307.9,75,22.6,No
392,33,Aug,25,28,20,57.7,30,17.5,No
393,33,Sep,16,33,17,366.0,77,22.0,No
394,33,Oct,18,34,7,285.7,70,21.3,Yes
395,33,Nov,22,39,17,155.6,69,6.0,No
396,33,Dec,27,40,13,196.4,34,11.2,No
397,34,Jan,22,33,13,339.7,69,15.9,Yes
398,34,Feb,31,40,8,250.9,59,16.2,Yes
399,34,Mar,34,41,19,362.3,49,10.8,Yes
400,34,Apr,25,42,9,203.0,79,14.3,No
401,34,May,27,40,10,1.3,77,16.9,Yes
402,34,Jun,18,26,13,309.6,37,10.8,Yes
403,34,Jul,16,30,9,167.8,63,9.0,Yes
404,34,Aug,20,36,21,154.3,77,22.5,Yes
405,34,Sep,16,26,11,115.6,62,28.5,Yes
406,34,Oct,23,34,21,240.5,68,23.3,Yes
407,34,Nov,29,28,8,235.2,73,13.6,Yes
408,34,Dec,21,30,16,177.3,50,20.9,Yes
409,35,Jan,15,25,10,35.7,34,27.0,Yes
410,35,Feb,29,37,16,365.3,33,22.9,No
411,35,Mar,24,37,16,387.2,44,22.1,Yes
412,35,Apr,22,39,17,138.0,50,14.8,Yes
413,35,May,22,42,13,197.0,47,23.7,Yes
414,35,Jun,20,32,11,193.8,43,16.4,Yes
415,35,Jul,26,31,11,246.9,42,15.5,Yes
416,35,Aug,25,32,24,146.0,37,29.4,No
417,35,Sep,17,39,18,160.9,53,19.5,Yes
418,35,Oct,30,28,6,221.2,75,16.6,Yes
419,35,Nov,21,34,5,13.4,54,26.9,Yes
420,35,Dec,16,27,18,347.3,77,29.6,Yes
421,36,Jan,17,40,5,495.8,75,11.0,Yes
422,36,Feb,23,31,18,83.7,70,16.1,Yes
423,36,Mar,31,36,10,47.2,50,28.2,Yes
424,36,Apr,23,32,8,323.5,75,28.2,Yes
425,36,May,21,36,10,247.5,48,9.9,No
426,36,Jun,16,32,23,483.1,57,11.7,Yes
427,36,Jul,33,34,10,471.2,74,19.0,Yes
428,36,Aug,18,43,23,41.6,42,15.6,No
429,36,Sep,24,31,9,432.4,72,25.0,Yes
430,36,Oct,32,30,22,26.9,30,21.5,Yes
431,36,Nov,34,29,20,276.5,48,27.5,No
432,36,Dec,19,41,22,364.2,51,25.1,No
433,37,Jan,27,43,14,31.9,50,23.4,No
434,37,Feb,26,35,11,476.9,36,16.4,Yes
435,37,Mar,25,36,20,14.9,56,12.1,Yes
436,37,Apr,26,32,7,497.6,67,21.8,No
437,37,May,29,38,6,387.0,43,12.4,No
438,37,Jun,16,33,13,79.8,56,10.9,No
439,37,Jul,26,25,13,52.7,35,18.9,No
440,37,Aug,24,43,10,285.1,37,16.8,Yes
441,37,Sep,15,39,17,189.1,32,11.2,No
442,37,Oct,30,37,23,163.0,50,30.0,Yes
443,37,Nov,15,44,12,212.3,68,17.1,No
444,37,Dec,18,31,11,204.0,55,20.2,No
445,38,Jan,26,39,12,90.7,32,5.5,Yes
446,38,Feb,29,28,24,288.7,45,16.2,Yes
447,38,Mar,19,35,17,237.8,77,17.3,No
448,38,Apr,16,36,20,249.6,78,22.0,Yes
449,38,May,19,34,21,280.0,38,18.7,Yes
450,38,Jun,30,35,11,124.8,74,5.4,No
451,38,Jul,24,36,6,127.2,38,27.4,Yes
452,38,Aug,28,31,11,450.0,43,12.2,Yes
453,38,Sep,28,37,18,226.6,55,17.0,Yes
454,38,Oct,16,43,11,256.1,34,12.1,No
455,38,Nov,30,39,12,397.2,30,6.0,Yes
456,38,Dec,28,38,14,236.3,60,28.7,No
457,39,Jan,19,39,19,473.0,34,26.6,Yes
458,39,Feb,20,32,6,279.9,52,29.5,Yes
459,39,Mar,30,38,19,392.7,74,12.8,No
460,39,Apr,22,44,22,449.5,61,16.6,Yes
461,39,May,30,37,8,473.6,75,15.4,No
462,39,Jun,28,38,18,49.8,54,13.0,Yes
463,39,Jul,17,41,18,68.0,33,8.4,Yes
464,39,Aug,16,35,6,392.6,60,21.4,Yes
465,39,Sep,21,34,10,496.4,42,23.3,No
466,39,Oct,32,26,20,338.2,67,10.9,No
467,39,Nov,32,25,23,92.0,68,25.5,Yes
468,39,Dec,23,26,21,187.9,71,17.3,No
469,40,Jan,22,29,16,95.4,42,18.3,Yes
470,40,Feb,17,36,5,439.7,79,13.5,No
471,40,Mar,34,43,21,348.6,64,10.4,No
472,40,Apr,32,42,18,131.2,62,25.5,Yes
473,40,May,15,41,14,418.6,54,20.7,Yes
474,40,Jun,30,39,17,482.4,43,29.4,Yes
475,40,Jul,19,40,19,298.4,38,8.2,No
476,40,Aug,30,35,10,61.6,37,27.7,Yes
477,40,Sep,33,33,20,156.0,57,8.1,No
478,40,Oct,32,39,8,123.6,58,28.6,No
479,40,Nov,29,26,18,93.7,57,16.7,No
480,40,Dec,15,33,21,335.9,30,20.6,Yes
481,41,Jan,33,27,16,256.1,46,14.5,No
482,41,Feb,21,29,12,228.1,77,25.6,Yes
483,41,Mar,19,35,14,205.8,70,26.7,No
484,41,Apr,17,26,8,204.1,72,23.8,Yes
485,41,May,24,32,17,250.2,41,6.1,No
486,41,Jun,22,39,17,321.6,67,18.2,No
487,41,Jul,34,25,15,173.0,69,28.8,Yes
488,41,Aug,26,30,12,126.8,77,21.7,No
489,41,Sep,24,44,18,220.1,58,26.0,No
490,41,Oct,30,28,6,380.3,32,19.9,No
491,41,Nov,32,39,13,127.4,79,20.5,Yes
492,41,Dec,22,27,6,258.2,48,26.4,No
493,42,Jan,27,44,21,236.8,34,24.0,No
494,42,Feb,30,40,15,171.7,44,8.6,Yes
495,42,Mar,30,29,16,415.8,35,5.6,Yes
496,42,Apr,21,26,10,154.9,63,9.6,Yes
497,42,May,18,40,22,390.5,66,12.0,No
498,42,Jun,27,29,22,458.8,61,29.0,No
499,42,Jul,34,41,20,498.8,56,29.3,Yes
500,42,Aug,22,25,13,370.8,70,21.2,No
501,42,Sep,25,25,24,466.8,69,19.6,Yes
502,42,Oct,24,28,19,465.4,56,22.1,No
503,42,Nov,17,26,8,379.9,55,14.9,Yes
504,42,Dec,25,38,14,198.4,50,11.5,No
505,43,Jan,16,31,23,420.8,37,8.0,No
506,43,Feb,17,30,23,133.8,32,15.6,Yes
507,43,Mar,24,32,16,455.2,32,21.3,Yes
508,43,Apr,15,38,17,250.3,64,29.5,Yes
509,43,May,24,25,10,168.4,76,10.2,Yes
510,43,Jun,21,26,18,287.5,34,13.8,No
511,43,Jul,24,38,21,231.7,57,7.5,Yes
512,43,Aug,33,34,20,209.7,38,12.2,Yes
513,43,Sep,24,26,9,224.6,71,8.8,Yes
514,43,Oct,23,27,19,467.0,67,9.8,Yes
515,43,Nov,29,32,9,165.2,62,19.7,No
516,43,Dec,19,38,19,232.6,54,15.2,Yes
517,44,Jan,32,43,24,274.9,74,27.0,Yes
518,44,Feb,23,25,12,137.6,31,20.2,No
519,44,Mar,31,39,24,296.5,64,14.6,Yes
520,44,Apr,22,25,19,485.1,55,9.7,Yes
521,44,May,27,28,17,9.9,62,6.0,Yes
522,44,Jun,31,42,11,484.5,73,17.1,Yes
523,44,Jul,27,32,5,217.5,31,22.5,Yes
524,44,Aug,18,36,20,171.9,33,12.4,Yes
525,44,Sep,17,34,15,93.0,50,25.7,Yes
526,44,Oct,18,30,21,22.1,74,13.8,No
527,44,Nov,20,26,5,331.2,77,16.3,Yes
528,44,Dec,18,28,12,128.9,54,7.8,Yes
529,45,Jan,18,41,21,142.8,46,16.7,Yes
530,45,Feb,30,40,10,343.4,65,27.2,Yes
531,45,Mar,20,29,13,255.7,45,21.5,No
532,45,Apr,23,43,23,204.7,38,24.2,No
533,45,May,23,43,19,303.4,71,21.6,Yes
534,45,Jun,34,26,23,34.8,46,13.3,Yes
535,45,Jul,24,29,20,66.0,41,5.8,Yes
536,45,Aug,33,33,16,108.2,45,13.0,Yes
537,45,Sep,21,44,8,157.6,67,14.1,Yes
538,45,Oct,21,31,8,229.5,68,28.2,Yes
539,45,Nov,21,41,8,406.7,64,7.2,Yes
540,45,Dec,18,38,5,362.0,74,10.6,No
541,46,Jan,26,38,16,128.3,75,15.1,Yes
542,46,Feb,32,35,10,440.6,48,14.7,No
543,46,Mar,28,27,23,314.3,40,17.2,Yes
544,46,Apr,31,27,18,260.9,48,17.9,No
545,46,May,23,30,13,297.1,66,27.4,Yes
546,46,Jun,33,34,8,135.9,69,27.1,Yes
547,46,Jul,18,39,16,425.6,38,24.0,No
548,46,Aug,27,43,11,256.6,73,7.4,Yes
549,46,Sep,26,43,19,458.0,35,28.7,No
550,46,Oct,27,31,12,414.2,40,18.5,Yes
551,46,Nov,33,35,11,30.4,46,12.6,Yes
552,46,Dec,27,36,11,349.4,43,9.7,Yes
553,47,Jan,23,41,8,475.0,68,22.2,Yes
554,47,Feb,16,26,19,429.9,36,22.6,Yes
555,47,Mar,29,31,5,390.1,77,25.3,No
556,47,Apr,31,42,23,324.9,51,15.8,Yes
557,47,May,27,37,20,72.9,37,20.9,Yes
558,47,Jun,26,33,9,281.9,47,16.0,Yes
559,47,Jul,25,44,23,24.4,55,5.9,No
560,47,Aug,34,38,6,185.1,36,29.7,Yes
561,47,Sep,30,37,22,66.1,30,12.7,Yes
562,47,Oct,20,25,24,186.2,55,27.5,No
563,47,Nov,30,43,5,338.6,39,8.8,Yes
564,47,Dec,29,28,20,64.5,36,24.8,No
565,48,Jan,33,32,5,129.7,79,13.2,Yes
566,48,Feb,33,33,15,303.8,65,28.6,No
567,48,Mar,33,27,9,353.3,66,18.1,Yes
568,48,Apr,27,26,23,336.5,49,17.3,No
569,48,May,33,32,11,103.3,71,25.7,Yes
570,48,Jun,25,33,21,144.0,32,12.6,No
571,48,Jul,30,31,11,380.8,74,18.2,Yes
572,48,Aug,27,44,20,121.3,41,12.6,Yes
573,48,Sep,16,30,16,264.8,72,6.0,Yes
574,48,Oct,28,40,16,55.0,58,10.6,Yes
575,48,Nov,33,40,13,41.4,66,29.2,No
576,48,Dec,23,38,19,336.0,75,20.8,No
577,49,Jan,26,43,10,273.3,42,17.3,No
578,49,Feb,21,36,11,429.3,59,6.1,No
579,49,Mar,33,35,22,195.8,33,13.1,Yes
580,49,Apr,24,29,7,447.0,69,29.9,No
581,49,May,29,41,5,236.6,52,26.5,Yes
582,49,Jun,34,26,9,57.2,75,6.1,Yes
583,49,Jul,22,26,13,121.7,47,29.6,No
584,49,Aug,29,29,15,17.9,43,27.2,Yes
585,49,Sep,24,30,7,262.0,79,25.1,No
586,49,Oct,31,26,22,24.1,52,6.8,Yes
587,49,Nov,19,25,18,119.7,50,26.8,Yes
588,49,Dec,22,26,23,308.4,34,14.8,Yes
589,50,Jan,18,40,20,225.6,36,13.3,No
590,50,Feb,15,27,12,453.3,36,14.0,Yes
591,50,Mar,25,39,13,421.5,67,7.6,No
592,50,Apr,16,28,22,110.4,40,16.8,Yes
593,50,May,34,29,15,187.4,70,17.4,No
594,50,Jun,17,37,15,226.1,50,29.6,No
595,50,Jul,15,35,17,294.0,38,11.0,Yes
596,50,Aug,23,37,9,326.9,36,9.6,No
597,50,Sep,20,26,20,262.7,65,20.0,Yes
598,50,Oct,17,28,5,484.2,38,26.3,No
599,50,Nov,32,36,20,57.9,53,6.0,Yes
600,50,Dec,24,39,13,173.6,63,13.7,Yes
601,51,Jan,23,32,10,193.4,45,28.5,Yes
602,51,Feb,20,39,12,84.0,62,8.5,No
603,51,Mar,27,38,15,320.1,51,27.0,No
604,51,Apr,28,34,10,44.8,33,19.8,Yes
605,51,May,25,27,19,417.5,79,7.9,Yes
606,51,Jun,22,27,5,126.8,45,5.4,No
607,51,Jul,30,30,11,354.4,69,5.2,Yes
608,51,Aug,26,44,24,442.6,56,29.4,No
609,51,Sep,30,27,17,444.4,31,17.9,No
610,51,Oct,22,41,13,439.6,57,21.7,Yes
611,51,Nov,26,37,11,431.8,75,22.5,Yes
612,51,Dec,16,43,20,441.1,37,22.9,Yes
613,52,Jan,27,40,9,109.2,76,7.9,No
614,52,Feb,26,32,17,418.1,45,5.6,Yes
615,52,Mar,29,36,13,394.5,73,11.8,Yes
616,52,Apr,24,34,20,72.9,45,28.0,Yes
617,52,May,16,42,14,437.8,33,20.7,No
618,52,Jun,32,40,17,92.8,31,24.5,No
619,52,Jul,25,34,5,153.7,39,24.7,No
620,52,Aug,25,28,6,478.9,75,9.8,Yes
621,52,Sep,17,39,9,151.3,65,14.6,No
622,52,Oct,22,36,14,292.2,38,19.3,Yes
623,52,Nov,15,44,21,199.6,73,6.4,Yes
624,52,Dec,27,35,12,153.6,63,29.7,Yes
625,53,Jan,31,35,6,396.5,34,20.3,No
626,53,Feb,16,40,9,137.2,75,8.8,No
627,53,Mar,17,42,6,62.7,58,19.3,No
628,53,Apr,21,38,9,31.0,47,7.6,Yes
629,53,May,23,37,20,403.0,71,11.2,Yes
630,53,Jun,29,43,19,421.1,69,11.1,No
631,53,Jul,31,32,16,150.7,33,24.3,Yes
632,53,Aug,30,29,17,285.3,56,15.1,Yes
633,53,Sep,21,27,17,276.1,60,10.0,No
634,53,Oct,21,29,18,472.1,36,22.0,Yes
635,53,Nov,16,41,24,429.5,47,29.2,Yes
636,53,Dec,23,32,7,192.8,41,23.5,Yes
637,54,Jan,25,29,13,181.7,52,9.7,Yes
638,54,Feb,25,33,11,195.2,52,10.6,No
639,54,Mar,33,25,20,283.4,53,18.9,No
640,54,Apr,19,37,20,337.9,43,8.2,No
641,54,May,22,37,11,452.9,69,14.1,No
642,54,Jun,18,36,20,397.1,78,14.8,No
643,54,Jul,23,29,21,226.0,31,21.7,No
644,54,Aug,18,37,24,217.3,40,28.3,Yes
645,54,Sep,16,40,7,112.1,46,21.2,No
646,54,Oct,19,26,5,393.3,74,12.9,No
647,54,Nov,29,40,15,357.3,79,13.9,Yes
648,54,Dec,33,29,21,104.8,68,19.7,Yes
649,55,Jan,17,32,17,61.6,58,12.2,No
650,55,Feb,30,42,21,207.3,48,24.1,No
651,55,Mar,31,31,5,99.7,58,5.6,Yes
652,55,Apr,26,25,8,36.8,44,15.5,Yes
653,55,May,21,36,7,101.8,61,22.1,Yes
654,55,Jun,26,25,23,94.1,41,18.4,No
655,55,Jul,20,36,8,95.0,69,5.7,No
656,55,Aug,15,28,10,16.3,75,11.4,Yes
657,55,Sep,21,42,6,390.9,62,24.5,No
658,55,Oct,27,36,19,288.1,36,18.4,Yes
659,55,Nov,28,34,20,267.8,58,17.6,Yes
660,55,Dec,16,37,7,471.8,65,26.0,No
661,56,Jan,18,43,19,476.1,77,13.6,No
662,56,Feb,15,41,9,220.6,68,12.5,Yes
663,56,Mar,18,30,19,444.5,48,25.3,Yes
664,56,Apr,32,36,19,469.4,69,14.6,Yes
665,56,May,17,29,5,205.7,50,11.3,Yes
666,56,Jun,31,32,6,319.0,73,10.1,Yes
667,56,Jul,29,35,8,380.4,41,9.3,No
668,56,Aug,21,32,5,291.7,32,19.5,No
669,56,Sep,28,25,10,498.6,67,9.4,No
670,56,Oct,16,37,20,281.3,65,16.0,Yes
671,56,Nov,17,43,5,101.6,62,20.1,Yes
672,56,Dec,20,39,8,16.1,53,17.8,Yes
673,57,Jan,15,33,18,136.2,58,9.5,Yes
674,57,Feb,32,30,24,440.6,76,11.8,Yes
675,57,Mar,24,35,9,322.7,40,6.0,Yes
676,57,Apr,21,25,10,191.9,53,6.4,Yes
677,57,May,33,26,15,346.8,71,21.0,Yes
678,57,Jun,21,26,5,331.3,72,17.4,Yes
679,57,Jul,33,43,18,371.4,37,23.6,No
680,57,Aug,17,31,6,219.2,30,7.7,No
681,57,Sep,19,42,17,347.9,38,8.5,Yes
682,57,Oct,18,36,20,175.8,39,18.1,No
683,57,Nov,32,40,13,196.5,54,16.7,No
684,57,Dec,30,44,22,277.3,65,8.4,Yes
685,58,Jan,22,42,7,38.2,55,15.0,Yes
686,58,Feb,29,36,9,334.7,51,16.6,No
687,58,Mar,17,37,7,263.1,57,16.9,Yes
688,58,Apr,25,30,6,242.5,73,5.2,No
689,58,May,19,34,14,28.6,50,19.2,No
690,58,Jun,18,38,21,321.1,71,16.7,Yes
691,58,Jul,22,25,12,448.8,63,5.7,Yes
692,58,Aug,27,39,15,134.7,40,24.7,No
693,58,Sep,29,41,18,209.1,56,22.2,No
694,58,Oct,26,30,22,186.8,66,22.6,Yes
695,58,Nov,31,43,16,245.0,43,11.2,Yes
696,58,Dec,27,32,17,165.1,74,12.5,No
697,59,Jan,27,43,8,434.6,54,24.7,No
698,59,Feb,18,28,11,152.6,36,28.2,No
699,59,Mar,30,29,19,281.3,61,7.9,No
700,59,Apr,33,31,16,138.6,46,21.8,Yes
701,59,May,32,31,5,275.9,50,6.8,No
702,59,Jun,29,27,17,101.1,37,20.9,Yes
703,59,Jul,21,35,8,200.6,38,29.9,No
704,59,Aug,26,35,24,428.9,55,18.2,Yes
705,59,Sep,24,28,14,203.3,73,28.5,Yes
706,59,Oct,21,36,24,73.8,51,5.3,Yes
707,59,Nov,17,35,24,231.9,49,29.4,Yes
708,59,Dec,27,33,10,219.3,34,27.3,Yes
709,60,Jan,20,25,19,356.3,68,9.7,Yes
710,60,Feb,30,41,15,135.8,45,13.2,Yes
711,60,Mar,27,25,18,461.8,56,14.1,Yes
712,60,Apr,17,28,19,249.5,49,19.3,Yes
713,60,May,26,38,15,116.9,48,15.2,No
714,60,Jun,29,35,6,187.6,35,20.6,No
715,60,Jul,18,33,14,147.6,63,26.2,Yes
716,60,Aug,25,25,18,371.0,30,15.0,Yes
717,60,Sep,23,25,8,447.1,39,13.1,Yes
718,60,Oct,34,38,9,312.7,76,25.8,No
719,60,Nov,18,33,5,438.4,49,6.9,Yes
720,60,Dec,16,40,22,33.8,58,18.6,No
721,61,Jan,25,34,21,144.5,33,5.5,No
722,61,Feb,25,31,21,373.1,78,10.3,Yes
723,61,Mar,31,30,11,273.2,41,29.4,Yes
724,61,Apr,16,41,5,456.4,35,18.1,Yes
725,61,May,17,40,19,177.7,69,13.4,No
726,61,Jun,18,34,18,494.3,76,14.9,Yes
727,61,Jul,33,43,6,225.3,71,17.2,Yes
728,61,Aug,26,30,10,298.8,52,15.0,No
729,61,Sep,18,25,12,412.9,46,26.5,Yes
730,61,Oct,28,43,13,73.8,64,20.6,Yes
731,61,Nov,29,39,20,328.1,39,15.6,Yes
732,61,Dec,18,28,15,444.4,57,28.1,Yes
733,62,Jan,23,35,10,327.8,56,22.9,No
734,62,Feb,30,29,5,261.1,58,12.3,Yes
735,62,Mar,29,44,17,116.5,39,25.1,Yes
736,62,Apr,17,25,6,422.4,39,21.3,No
737,62,May,21,39,15,158.9,56,13.9,No
738,62,Jun,24,39,12,51.7,32,8.8,Yes
739,62,Jul,24,42,20,161.1,48,20.7,Yes
740,62,Aug,21,44,16,282.6,41,6.9,Yes
741,62,Sep,32,40,18,307.5,32,27.0,No
742,62,Oct,23,32,21,182.7,57,28.9,Yes
743,62,Nov,28,44,18,78.8,73,22.3,Yes
744,62,Dec,23,26,7,219.1,31,10.0,Yes
745,63,Jan,22,41,5,97.1,76,10.8,No
746,63,Feb,24,28,24,84.8,30,14.4,Yes
747,63,Mar,29,37,20,485.5,60,20.7,Yes
748,63,Apr,19,44,14,38.1,73,6.7,Yes
749,63,May,16,43,24,171.6,57,28.8,No
750,63,Jun,32,32,22,307.0,31,5.2,No
751,63,Jul,32,32,23,270.2,42,9.8,Yes
752,63,Aug,26,37,12,96.9,74,6.5,Yes
753,63,Sep,31,39,23,294.7,59,21.6,Yes
754,63,Oct,32,36,21,279.2,40,9.7,No
755,63,Nov,29,33,16,232.6,67,18.2,No
756,63,Dec,29,28,22,495.7,70,29.7,No
757,64,Jan,32,38,7,395.0,57,14.8,No
758,64,Feb,20,39,11,327.9,38,16.4,No
759,64,Mar,30,28,9,327.0,35,29.8,No
760,64,Apr,22,38,18,244.5,52,23.7,Yes
761,64,May,23,26,20,404.4,35,14.9,Yes
762,64,Jun,29,25,14,174.4,41,16.8,No
763,64,Jul,21,36,17,263.6,35,17.4,No
764,64,Aug,28,34,8,92.0,52,8.9,Yes
765,64,Sep,29,32,9,221.9,42,9.2,Yes
766,64,Oct,22,43,13,24.8,56,11.3,Yes
767,64,Nov,15,29,14,275.5,52,12.2,No
768,64,Dec,18,41,14,15.9,31,20.3,Yes
769,65,Jan,27,33,6,212.7,72,8.2,Yes
770,65,Feb,30,26,23,483.3,71,7.1,No
771,65,Mar,32,32,22,342.9,54,16.9,Yes
772,65,Apr,32,30,13,498.7,47,12.7,Yes
773,65,May,19,31,14,214.2,57,26.1,Yes
774,65,Jun,17,29,20,162.0,40,13.4,Yes
775,65,Jul,20,37,8,232.4,66,17.2,No
776,65,Aug,18,36,10,82.8,30,23.8,Yes
777,65,Sep,30,28,13,102.3,78,28.5,Yes
778,65,Oct,32,30,23,135.9,54,5.7,No
779,65,Nov,22,31,19,99.6,75,11.3,No
780,65,Dec,18,36,5,188.2,74,12.3,Yes
781,66,Jan,32,40,24,408.8,59,8.6,Yes
782,66,Feb,21,34,23,195.9,38,9.9,Yes
783,66,Mar,23,29,11,152.6,54,11.9,Yes
784,66,Apr,30,40,23,295.2,40,24.0,Yes
785,66,May,30,37,7,59.0,70,20.4,Yes
786,66,Jun,31,27,6,265.2,35,12.3,Yes
787,66,Jul,30,42,13,250.6,63,6.8,Yes
788,66,Aug,30,42,7,53.7,35,6.1,Yes
789,66,Sep,22,29,24,471.6,50,24.8,Yes
790,66,Oct,22,44,21,378.9,45,28.3,Yes
791,66,Nov,33,38,15,25.5,76,23.9,Yes
792,66,Dec,28,32,8,379.5,63,14.0,No
793,67,Jan,24,42,19,285.5,74,23.8,No
794,67,Feb,27,38,14,270.0,76,21.7,Yes
795,67,Mar,23,44,7,47.8,53,7.2,Yes
796,67,Apr,25,32,7,481.4,70,25.9,Yes
797,67,May,18,35,23,444.1,46,12.3,Yes
798,67,Jun,30,44,10,90.5,40,21.4,Yes
799,67,Jul,34,39,5,359.0,59,29.5,Yes
800,67,Aug,18,40,11,16.6,77,17.8,No
801,67,Sep,16,34,11,196.0,44,23.0,No
802,67,Oct,30,27,21,439.6,31,16.5,No
803,67,Nov,17,32,6,440.2,78,8.1,Yes
804,67,Dec,24,33,10,225.8,63,5.7,Yes
805,68,Jan,26,40,16,366.2,74,20.2,Yes
806,68,Feb,31,25,22,191.0,62,6.6,No
807,68,Mar,28,26,10,430.8,52,7.1,No
808,68,Apr,18,29,11,90.9,65,23.3,No
809,68,May,15,32,11,401.3,76,20.8,No
810,68,Jun,27,39,23,288.2,42,13.1,No
811,68,Jul,23,27,15,386.8,78,18.3,Yes
812,68,Aug,15,26,6,79.0,60,10.8,No
813,68,Sep,19,33,17,12.0,48,28.4,No
814,68,Oct,26,38,12,128.3,49,9.6,Yes
815,68,Nov,32,31,9,437.2,35,27.7,Yes
816,68,Dec,28,36,16,453.8,45,22.1,No
817,69,Jan,27,44,21,398.7,68,12.9,No
818,69,Feb,28,41,17,343.8,56,8.3,No
819,69,Mar,19,31,23,250.1,43,17.2,Yes
820,69,Apr,16,42,13,69.0,71,10.8,No
821,69,May,32,44,21,312.9,36,10.1,No
822,69,Jun,18,44,24,169.9,60,25.9,Yes
823,69,Jul,27,31,8,389.3,53,5.9,No
824,69,Aug,20,37,9,143.9,54,26.5,No
825,69,Sep,27,36,8,444.2,32,8.4,No
826,69,Oct,32,33,24,283.0,63,26.9,Yes
827,69,Nov,30,37,7,71.1,61,10.3,No
828,69,Dec,20,30,17,386.0,68,9.3,No
829,70,Jan,15,27,22,42.1,69,17.1,Yes
830,70,Feb,27,39,6,286.9,59,10.5,Yes
831,70,Mar,26,25,6,190.6,51,27.1,No
832,70,Apr,30,30,17,201.4,71,26.4,Yes
833,70,May,34,30,21,328.7,66,11.0,Yes
834,70,Jun,27,31,10,260.9,45,20.2,No
835,70,Jul,32,34,14,3.8,32,19.2,Yes
836,70,Aug,21,27,8,2.2,33,16.8,No
837,70,Sep,16,39,15,261.0,59,6.1,No
838,70,Oct,28,25,13,396.0,74,5.9,Yes
839,70,Nov,16,32,10,404.5,47,21.5,Yes
840,70,Dec,25,27,20,437.8,63,10.3,Yes
841,71,Jan,18,40,21,411.2,65,25.2,Yes
842,71,Feb,21,26,23,447.7,33,26.6,No
843,71,Mar,22,39,23,75.9,49,23.2,Yes
844,71,Apr,20,40,22,378.8,30,23.1,No
845,71,May,24,42,16,410.2,61,8.2,No
846,71,Jun,24,42,13,344.3,64,28.4,No
847,71,Jul,26,43,19,285.9,79,20.5,Yes
848,71,Aug,19,30,15,451.7,65,18.9,No
849,71,Sep,28,29,5,494.0,66,8.6,Yes
850,71,Oct,20,42,14,408.9,40,13.2,Yes
851,71,Nov,27,44,7,426.4,73,19.2,No
852,71,Dec,31,25,12,424.4,39,6.2,No
853,72,Jan,18,34,7,169.0,65,25.6,Yes
854,72,Feb,34,37,21,148.5,77,29.1,Yes
855,72,Mar,20,27,24,253.4,33,18.8,Yes
856,72,Apr,15,37,6,79.5,52,28.3,Yes
857,72,May,28,35,14,153.1,39,28.6,No
858,72,Jun,27,26,21,173.7,32,29.1,Yes
859,72,Jul,20,33,15,443.7,70,8.9,No
860,72,Aug,19,42,16,292.3,72,14.8,No
861,72,Sep,27,34,18,323.7,61,9.0,No
862,72,Oct,25,33,15,238.1,56,15.5,Yes
863,72,Nov,22,25,10,471.2,38,19.5,Yes
864,72,Dec,30,28,21,78.7,51,16.5,No
865,73,Jan,20,36,13,343.0,32,8.1,No
866,73,Feb,23,34,15,17.1,43,28.3,Yes
867,73,Mar,18,26,23,387.4,30,6.4,Yes
868,73,Apr,25,31,6,113.1,76,6.9,Yes
869,73,May,33,27,24,199.6,70,29.2,No
870,73,Jun,22,35,12,163.0,52,8.3,Yes
871,73,Jul,23,29,10,287.4,54,17.9,No
872,73,Aug,31,38,6,121.2,55,7.1,Yes
873,73,Sep,16,31,8,359.7,68,25.7,No
874,73,Oct,18,29,23,250.5,44,6.5,Yes
875,73,Nov,19,32,24,84.9,74,6.1,No
876,73,Dec,24,41,9,180.7,33,29.9,Yes
877,74,Jan,22,32,15,374.4,38,20.8,Yes
878,74,Feb,31,40,11,206.8,64,28.9,Yes
879,74,Mar,22,29,10,173.2,61,28.2,Yes
880,74,Apr,20,30,6,41.4,34,18.3,No
881,74,May,27,32,19,395.8,50,22.4,Yes
882,74,Jun,22,29,21,489.6,40,5.9,No
883,74,Jul,16,39,9,385.2,41,11.5,No
884,74,Aug,24,25,15,331.5,38,21.4,Yes
885,74,Sep,32,44,11,169.8,73,27.1,No
886,74,Oct,30,31,9,398.3,68,27.9,No
887,74,Nov,31,40,23,247.8,65,24.9,No
888,74,Dec,18,33,12,453.0,52,24.6,Yes
889,75,Jan,28,33,6,147.2,55,23.7,Yes
890,75,Feb,23,28,20,444.7,45,18.6,No
891,75,Mar,25,25,19,375.9,33,12.9,Yes
892,75,Apr,21,42,17,8.0,39,8.1,No
893,75,May,17,41,16,257.6,73,27.9,Yes
894,75,Jun,24,42,10,180.6,78,5.8,No
895,75,Jul,32,38,15,195.1,62,26.8,No
896,75,Aug,17,44,5,294.0,37,14.5,Yes
897,75,Sep,19,25,15,240.8,34,10.9,Yes
898,75,Oct,26,38,9,258.1,71,23.4,Yes
899,75,Nov,25,28,15,172.6,56,19.7,No
900,75,Dec,20,25,24,140.8,65,15.3,No
901,76,Jan,28,44,24,226.9,40,26.7,Yes
902,76,Feb,27,42,21,450.1,61,11.2,No
903,76,Mar,32,35,17,282.0,66,21.3,Yes
904,76,Apr,18,33,19,335.0,35,17.5,Yes
905,76,May,18,33,18,134.7,56,18.4,Yes
906,76,Jun,23,29,19,418.2,74,11.5,No
907,76,Jul,24,34,11,462.7,66,14.9,No
908,76,Aug,24,37,19,413.3,35,9.1,No
909,76,Sep,25,30,5,79.0,44,17.6,Yes
910,76,Oct,25,34,21,337.4,53,11.8,No
911,76,Nov,33,29,7,294.1,57,22.4,No
912,76,Dec,25,32,9,290.6,44,23.2,No
913,77,Jan,21,32,11,142.5,53,9.2,No
914,77,Feb,17,41,23,212.2,35,14.3,Yes
915,77,Mar,25,44,24,191.1,77,23.4,No
916,77,Apr,26,44,12,82.8,38,12.8,Yes
917,77,May,24,27,12,148.1,68,14.2,Yes
918,77,Jun,20,44,18,31.4,33,14.2,Yes
919,77,Jul,32,25,16,34.8,73,27.0,Yes
920,77,Aug,32,39,7,311.4,44,17.0,Yes
921,77,Sep,15,37,17,417.9,36,15.2,Yes
922,77,Oct,26,40,10,470.8,77,29.0,Yes
923,77,Nov,19,33,7,80.5,46,19.4,No
924,77,Dec,21,42,23,196.8,73,5.7,Yes
925,78,Jan,34,34,9,162.2,59,9.0,No
926,78,Feb,24,29,11,473.4,71,21.0,Yes
927,78,Mar,16,27,17,381.6,61,5.0,Yes
928,78,Apr,15,38,22,262.0,69,6.0,No
929,78,May,30,30,5,447.9,35,10.5,No
930,78,Jun,25,38,9,425.3,75,17.6,Yes
931,78,Jul,21,34,10,302.6,63,26.2,No
932,78,Aug,23,30,21,319.9,65,21.3,Yes
933,78,Sep,30,27,8,191.2,74,20.7,Yes
934,78,Oct,15,30,7,207.5,71,18.8,Yes
935,78,Nov,27,35,14,261.6,67,16.7,Yes
936,78,Dec,26,28,7,286.3,45,9.5,No
937,79,Jan,25,44,17,128.0,32,27.6,Yes
938,79,Feb,23,41,10,283.3,48,16.3,No
939,79,Mar,29,34,7,476.9,65,24.7,No
940,79,Apr,18,39,14,310.1,73,10.4,No
941,79,May,30,41,19,197.8,56,20.1,Yes
942,79,Jun,21,34,8,226.2,65,5.6,Yes
943,79,Jul,32,43,18,374.4,53,8.9,Yes
944,79,Aug,16,34,19,174.3,72,12.8,Yes
945,79,Sep,29,36,20,211.6,67,28.9,Yes
946,79,Oct,22,31,5,275.8,36,27.1,No
947,79,Nov,25,35,24,364.7,75,17.3,Yes
948,79,Dec,30,36,14,117.4,64,24.6,Yes
949,80,Jan,16,25,18,103.1,65,8.7,Yes
950,80,Feb,33,25,14,460.4,41,19.6,Yes
951,80,Mar,28,39,20,400.7,63,27.9,Yes
952,80,Apr,32,43,11,132.9,62,22.3,Yes
953,80,May,18,42,9,401.5,54,25.0,Yes
954,80,Jun,23,44,16,127.7,56,16.5,No
955,80,Jul,34,37,17,100.3,44,18.4,Yes
956,80,Aug,25,37,15,46.5,54,18.1,Yes
957,80,Sep,26,37,13,438.5,74,25.2,Yes
958,80,Oct,25,34,19,76.9,69,15.7,Yes
959,80,Nov,27,43,13,239.0,67,28.1,No
960,80,Dec,31,31,13,107.7,57,24.7,Yes
961,81,Jan,32,43,6,102.5,72,21.2,Yes
962,81,Feb,16,31,19,65.1,48,27.7,Yes
963,81,Mar,18,35,7,217.7,36,9.5,No
964,81,Apr,28,38,10,181.4,38,18.7,Yes
965,81,May,26,28,24,37.6,53,22.6,No
966,81,Jun,21,34,11,38.4,47,27.6,Yes
967,81,Jul,25,25,21,325.7,75,27.1,Yes
968,81,Aug,30,25,7,361.6,79,28.6,Yes
969,81,Sep,20,29,16,292.5,78,15.2,Yes
970,81,Oct,26,27,18,205.0,45,18.2,No
971,81,Nov,16,32,16,39.6,37,8.0,Yes
972,81,Dec,29,28,19,14.5,72,26.0,Yes
973,82,Jan,23,27,9,101.1,38,26.4,Yes
974,82,Feb,26,40,9,35.4,44,20.8,Yes
975,82,Mar,30,32,12,163.9,59,28.7,No
976,82,Apr,30,41,6,210.7,68,22.2,No
977,82,May,24,30,11,193.3,66,11.7,Yes
978,82,Jun,31,31,23,35.1,68,27.5,No
979,82,Jul,25,26,7,468.1,57,7.3,Yes
980,82,Aug,30,25,19,469.2,68,25.3,Yes
981,82,Sep,25,41,7,136.6,31,21.4,Yes
982,82,Oct,21,34,9,398.3,61,5.2,Yes
983,82,Nov,34,44,15,292.2,63,14.1,Yes
984,82,Dec,27,32,15,224.5,47,29.5,No
985,83,Jan,27,27,11,285.5,65,21.6,Yes
986,83,Feb,25,38,22,443.6,34,28.9,Yes
987,83,Mar,30,35,14,444.8,63,23.2,Yes
988,83,Apr,26,32,7,118.0,53,24.9,Yes
989,83,May,31,33,8,371.5,63,14.4,No
990,83,Jun,25,26,6,257.6,36,29.3,Yes
991,83,Jul,26,34,5,60.1,77,25.5,Yes
992,83,Aug,29,31,8,321.8,69,18.1,No
993,83,Sep,16,36,7,101.0,43,7.0,Yes
994,83,Oct,18,39,11,224.3,39,25.7,Yes
995,83,Nov,26,43,23,147.4,35,22.4,Yes
996,83,Dec,23,37,18,49.7,43,26.5,No
997,84,Jan,16,40,18,405.5,47,12.4,No
998,84,Feb,16,39,21,123.0,62,16.8,Yes
999,84,Mar,31,36,20,268.0,52,13.4,No
1000,84,Apr,25,42,10,444.5,68,5.9,Yes
1001,84,May,24,26,13,150.2,40,28.2,Yes
1002,84,Jun,15,31,8,256.0,39,21.8,No
1003,84,Jul,18,28,21,378.6,61,5.5,Yes
1004,84,Aug,22,42,8,305.4,76,13.1,Yes
1005,84,Sep,26,35,17,241.8,51,11.0,Yes
1006,84,Oct,20,35,13,254.9,36,9.6,Yes
1007,84,Nov,18,43,17,285.4,75,18.2,No
1008,84,Dec,23,32,18,277.2,61,15.9,Yes
1009,85,Jan,27,34,12,278.8,73,21.8,Yes
1010,85,Feb,30,34,16,273.0,75,11.4,No
1011,85,Mar,34,31,5,411.3,64,19.3,No
1012,85,Apr,19,36,7,369.6,30,16.4,Yes
1013,85,May,24,37,20,284.3,58,21.7,No
1014,85,Jun,31,29,17,22.3,66,22.1,Yes
1015,85,Jul,31,42,22,400.6,69,23.7,No
1016,85,Aug,24,26,21,19.3,74,20.8,No
1017,85,Sep,34,31,7,19.4,49,23.3,Yes
1018,85,Oct,34,34,23,247.0,47,27.6,Yes
1019,85,Nov,34,34,7,60.0,69,18.2,No
1020,85,Dec,15,44,10,286.9,36,13.1,Yes
1021,86,Jan,30,29,11,121.7,76,28.5,Yes
1022,86,Feb,23,29,10,479.3,69,16.0,Yes
1023,86,Mar,30,27,21,15.0,67,28.8,Yes
1024,86,Apr,34,39,23,305.6,68,14.2,No
1025,86,May,29,36,19,90.3,46,18.7,Yes
1026,86,Jun,33,42,14,86.2,67,29.3,Yes
1027,86,Jul,21,31,14,119.2,36,9.7,No
1028,86,Aug,27,26,23,313.1,48,24.0,Yes
1029,86,Sep,16,43,10,230.8,44,10.6,No
1030,86,Oct,22,42,21,165.2,53,6.7,No
1031,86,Nov,18,31,9,74.3,58,15.1,No
1032,86,Dec,34,26,22,283.3,47,15.5,No
1033,87,Jan,17,31,5,257.3,50,27.0,Yes
1034,87,Feb,15,37,18,71.9,41,5.4,Yes
1035,87,Mar,17,42,8,221.9,32,13.9,No
1036,87,Apr,31,30,19,420.6,37,29.3,No
1037,87,May,21,35,19,451.6,72,19.6,Yes
1038,87,Jun,25,41,19,46.5,45,21.6,No
1039,87,Jul,18,35,22,476.7,46,11.3,No
1040,87,Aug,28,31,14,370.1,59,5.2,Yes
1041,87,Sep,17,26,10,213.3,68,17.7,Yes
1042,87,Oct,17,33,12,315.8,40,23.8,Yes
1043,87,Nov,18,28,14,193.4,52,25.1,Yes
1044,87,Dec,21,41,24,494.7,45,17.3,Yes
1045,88,Jan,29,25,14,186.1,75,14.0,No
1046,88,Feb,21,37,14,374.7,35,14.0,No
1047,88,Mar,34,44,18,312.0,36,23.0,Yes
1048,88,Apr,16,38,14,119.8,47,27.1,Yes
1049,88,May,19,44,14,300.8,42,14.2,Yes
1050,88,Jun,29,36,14,147.7,72,9.2,Yes
1051,88,Jul,25,30,5,197.5,66,19.9,Yes
1052,88,Aug,21,26,5,362.7,54,19.6,No
1053,88,Sep,17,34,15,58.5,63,17.6,Yes
1054,88,Oct,20,25,5,393.1,79,17.3,No
1055,88,Nov,30,29,20,108.7,60,29.7,No
1056,88,Dec,15,43,14,8.8,75,23.3,Yes
1057,89,Jan,19,41,22,222.2,38,16.0,Yes
1058,89,Feb,15,39,14,390.5,65,18.5,Yes
1059,89,Mar,17,41,17,196.6,66,10.7,Yes
1060,89,Apr,31,29,10,372.0,62,28.0,No
1061,89,May,17,26,21,15.1,66,10.4,No
1062,89,Jun,15,28,11,417.8,47,25.4,No
1063,89,Jul,30,42,20,70.2,51,6.3,Yes
1064,89,Aug,16,31,21,109.1,73,16.9,Yes
1065,89,Sep,33,36,13,291.6,31,27.0,Yes
1066,89,Oct,30,41,6,218.5,69,9.0,Yes
1067,89,Nov,32,26,23,387.4,54,12.3,Yes
1068,89,Dec,26,40,16,264.1,40,9.1,No
1069,90,Jan,23,36,10,193.6,61,20.7,Yes
1070,90,Feb,24,42,16,487.9,62,12.9,Yes
1071,90,Mar,16,33,16,35.2,48,28.1,Yes
1072,90,Apr,28,35,24,403.1,61,20.2,Yes
1073,90,May,31,42,16,73.4,77,7.7,No
1074,90,Jun,18,31,5,36.3,49,18.5,No
1075,90,Jul,22,34,5,473.3,61,29.8,No
1076,90,Aug,24,43,20,69.7,77,16.6,Yes
1077,90,Sep,25,30,19,492.8,44,10.1,No
1078,90,Oct,28,40,17,260.9,64,5.5,No
1079,90,Nov,28,44,19,308.1,44,22.5,No
1080,90,Dec,15,33,7,177.8,45,18.2,Yes
1081,91,Jan,22,30,24,42.9,37,28.0,No
1082,91,Feb,17,39,10,404.6,62,20.1,Yes
1083,91,Mar,27,41,22,424.9,61,6.9,Yes
1084,91,Apr,28,39,16,240.4,45,26.3,No
1085,91,May,30,29,9,139.7,79,15.2,Yes
1086,91,Jun,17,41,22,196.7,75,19.9,Yes
1087,91,Jul,16,31,19,396.0,44,23.1,Yes
1088,91,Aug,32,28,13,197.1,78,20.8,Yes
1089,91,Sep,34,32,19,425.0,44,14.0,Yes
1090,91,Oct,27,40,15,44.4,67,22.8,Yes
1091,91,Nov,31,25,9,184.3,77,7.7,No
1092,91,Dec,27,34,24,385.3,50,8.8,Yes
1093,92,Jan,33,44,21,352.3,71,18.8,No
1094,92,Feb,18,44,20,439.3,38,25.2,Yes
1095,92,Mar,18,43,8,26.6,30,7.7,Yes
1096,92,Apr,26,42,18,48.8,47,6.7,Yes
1097,92,May,22,27,22,52.8,50,23.3,Yes
1098,92,Jun,34,31,20,465.8,54,21.0,No
1099,92,Jul,23,36,17,248.8,34,24.6,Yes
1100,92,Aug,18,40,9,419.2,67,26.2,No
1101,92,Sep,22,41,22,392.5,41,23.4,Yes
1102,92,Oct,26,35,17,316.3,54,14.0,Yes
1103,92,Nov,27,34,21,304.3,74,15.6,Yes
1104,92,Dec,24,44,20,409.0,42,20.2,Yes
1105,93,Jan,20,31,15,234.0,73,28.8,Yes
1106,93,Feb,19,40,10,303.4,38,21.0,Yes
1107,93,Mar,32,43,16,45.4,39,17.2,Yes
1108,93,Apr,20,29,20,131.3,63,8.6,No
1109,93,May,30,31,11,119.4,67,25.9,No
1110,93,Jun,28,30,10,200.3,47,10.0,Yes
1111,93,Jul,15,42,19,430.9,49,27.0,No
1112,93,Aug,34,34,17,405.3,30,26.9,No
1113,93,Sep,17,26,10,242.9,32,17.7,Yes
1114,93,Oct,19,42,19,295.6,49,28.8,Yes
1115,93,Nov,31,32,17,141.0,54,5.4,Yes
1116,93,Dec,20,44,11,476.5,78,21.0,Yes
1117,94,Jan,26,28,14,199.2,60,13.5,No
1118,94,Feb,29,25,17,50.4,44,29.7,No
1119,94,Mar,17,38,24,175.7,32,24.3,Yes
1120,94,Apr,22,26,20,153.5,39,15.9,No
1121,94,May,21,30,5,270.7,74,9.0,Yes
1122,94,Jun,15,27,19,200.7,52,17.7,Yes
1123,94,Jul,18,44,24,205.5,57,22.4,No
1124,94,Aug,25,41,13,23.0,36,23.2,Yes
1125,94,Sep,30,36,16,496.1,34,19.4,Yes
1126,94,Oct,31,33,17,59.9,45,24.1,Yes
1127,94,Nov,33,36,8,297.7,57,24.5,Yes
1128,94,Dec,18,31,18,408.1,50,7.6,Yes
1129,95,Jan,24,39,24,486.0,53,25.9,No
1130,95,Feb,32,29,17,264.9,30,13.8,Yes
1131,95,Mar,33,44,16,55.9,76,9.3,No
1132,95,Apr,30,38,11,98.8,65,23.1,Yes
1133,95,May,17,28,17,305.4,63,11.4,Yes
1134,95,Jun,24,26,10,61.6,31,28.9,Yes
1135,95,Jul,30,38,14,80.7,71,11.7,Yes
1136,95,Aug,31,38,9,204.1,76,8.1,Yes
1137,95,Sep,28,28,13,408.7,42,21.6,Yes
1138,95,Oct,17,41,5,86.7,65,9.4,No
1139,95,Nov,19,40,12,371.6,69,5.7,Yes
1140,95,Dec,25,30,20,26.8,51,10.5,No
1141,96,Jan,26,42,22,286.5,31,26.5,No
1142,96,Feb,25,36,8,313.1,78,26.1,Yes
1143,96,Mar,34,31,14,461.4,53,29.9,Yes
1144,96,Apr,28,38,24,470.9,52,9.2,No
1145,96,May,27,36,23,347.1,63,7.0,No
1146,96,Jun,17,34,9,337.4,36,28.9,Yes
1147,96,Jul,20,36,10,27.6,39,16.4,No
1148,96,Aug,17,29,12,145.6,60,28.0,No
1149,96,Sep,30,30,15,390.4,59,7.2,Yes
1150,96,Oct,29,31,22,74.2,63,28.1,No
1151,96,Nov,24,44,19,192.6,74,27.6,No
1152,96,Dec,16,37,5,231.5,51,5.5,Yes
1153,97,Jan,20,44,16,346.8,79,25.2,No
1154,97,Feb,25,39,13,426.0,54,21.5,No
1155,97,Mar,31,42,19,244.7,39,25.5,No
1156,97,Apr,16,43,18,420.3,30,21.9,Yes
1157,97,May,34,29,7,322.2,71,20.5,Yes
1158,97,Jun,21,43,11,358.4,52,19.3,Yes
1159,97,Jul,16,42,8,300.6,65,6.7,No
1160,97,Aug,23,41,24,469.1,31,13.0,No
1161,97,Sep,29,31,8,216.9,78,17.3,Yes
1162,97,Oct,23,34,23,320.6,46,23.3,Yes
1163,97,Nov,21,40,13,91.5,69,25.0,Yes
1164,97,Dec,33,31,24,369.3,67,9.3,No
1165,98,Jan,19,36,5,16.5,76,19.9,No
1166,98,Feb,25,34,6,363.9,52,28.4,No
1167,98,Mar,27,39,6,297.4,69,15.1,Yes
1168,98,Apr,15,32,14,171.0,70,19.5,No
1169,98,May,25,38,7,268.4,77,10.2,Yes
1170,98,Jun,21,41,24,164.9,73,12.6,No
1171,98,Jul,33,29,15,337.1,57,16.3,Yes
1172,98,Aug,20,35,18,253.9,69,22.5,No
1173,98,Sep,34,31,8,246.2,75,21.6,Yes
1174,98,Oct,26,43,9,422.3,69,7.1,No
1175,98,Nov,34,36,24,467.2,50,25.2,Yes
1176,98,Dec,22,44,12,29.4,32,15.6,Yes
1177,99,Jan,24,29,15,122.4,64,10.5,Yes
1178,99,Feb,26,40,18,397.0,56,24.2,Yes
1179,99,Mar,29,44,24,358.2,38,6.6,Yes
1180,99,Apr,15,35,9,473.1,74,21.9,No
1181,99,May,23,30,24,209.9,69,14.7,No
1182,99,Jun,27,29,20,490.5,77,8.2,No
1183,99,Jul,23,40,5,17.8,66,12.6,No
1184,99,Aug,22,43,22,68.9,44,27.5,Yes
1185,99,Sep,19,42,12,375.3,52,9.0,Yes
1186,99,Oct,16,43,20,456.8,31,7.4,Yes
1187,99,Nov,20,30,13,39.3,50,24.1,Yes
1188,99,Dec,20,28,11,497.5,49,25.3,Yes
1189,100,Jan,15,39,7,205.2,30,15.9,No
1190,100,Feb,23,42,16,471.2,59,27.4,No
1191,100,Mar,22,30,8,417.1,42,6.3,No
1192,100,Apr,30,36,6,68.7,59,23.3,Yes
1193,100,May,20,41,21,6.6,55,22.5,Yes
1194,100,Jun,27,38,11,391.6,47,21.0,Yes
1195,100,Jul,27,28,17,101.4,37,8.5,No
1196,100,Aug,29,28,10,41.2,51,15.7,Yes
1197,100,Sep,23,40,11,330.1,67,24.9,Yes
1198,100,Oct,29,25,19,143.0,45,17.8,No
1199,100,Nov,26,31,9,184.0,60,9.1,Yes
1200,100,Dec,29,32,15,280.3,54,15.8,No
